ID,GiftID,TripID,Weight
1,89899,1,50
2,48265,1,41.7259
3,39986,1,38.0979
4,99272,1,30.1561
5,92697,1,29.3771
6,50632,1,21.478
7,22588,1,21.0992
8,2708,1,18.0355
9,56957,1,17.4956
10,4139,1,13.6802
11,33715,1,13.2895
12,52043,1,13.0604
13,37524,1,12.4128
14,6777,1,10.8251
15,72370,1,10.767
16,58411,1,9.40149
17,83011,1,6.61063
18,75394,1,6.14778
19,99885,1,6.04339
20,17707,1,5.68531
21,13617,1,4.75836
22,75600,1,4.2079
23,22601,1,4.06589
24,60209,1,2.28773
25,27071,1,1
26,25796,1,1
27,60380,1,1
28,65889,1,1
29,47310,1,1
30,22337,1,1
31,22149,1,1
32,19472,1,1
33,80515,1,1
34,17421,1,1
35,55550,1,1
36,12383,1,1
37,70239,1,1
38,75084,1,1
39,41742,1,1
40,95020,2,47.6197
41,55152,2,44.8709
42,26601,2,44.7563
43,1890,2,42.6645
44,66325,2,39.7633
45,83712,2,30.2073
46,69615,2,28.8617
47,68634,2,25.2539
48,91513,2,18.9251
49,20517,2,16.9781
50,70662,2,16.3575
51,67156,2,14.2982
52,93117,2,12.8083
53,36571,2,12.7276
54,43205,2,12.6785
55,15928,2,10.9712
56,31941,2,8.71002
57,38711,2,8.43221
58,90126,2,7.32756
59,63764,2,6.2241
60,26235,2,5.7407
61,93971,2,5.73845
62,96322,2,4.07945
63,82039,2,3.64424
64,92725,2,1
65,87327,2,1
66,76836,2,1
67,75498,2,1
68,68246,2,1
69,60499,2,1
70,57382,2,1
71,56650,2,1
72,56209,2,1
73,45923,2,1
74,29620,2,1
75,27979,2,1
76,27253,2,1
77,5456,2,1
78,1437,2,1
79,36511,3,50
80,85653,3,40.4156
81,94734,3,39.3038
82,96252,3,38.5295
83,84235,3,37.0199
84,28302,3,28.6841
85,31253,3,27.8679
86,31934,3,22.9132
87,8474,3,22.2499
88,41557,3,21.8034
89,32764,3,21.589
90,63020,3,21.0762
91,77411,3,20.787
92,84973,3,20.1514
93,71726,3,20.0007
94,4613,3,16.8502
95,31802,3,16.4342
96,68699,3,16.2809
97,84802,3,15.4619
98,82806,3,14.7227
99,41741,3,13.4218
100,25603,3,12.7857
101,42369,3,12.5706
102,15070,3,9.15927
103,50254,3,8.18111
104,15131,3,6.06452
105,54258,3,4.70334
106,44937,3,2.59544
107,90822,3,2.35386
108,55563,3,1
109,66471,3,1
110,70318,3,1
111,39309,3,1
112,70630,3,1
113,71952,3,1
114,77314,3,1
115,79786,3,1
116,80676,3,1
117,84636,3,1
118,42963,3,1
119,42870,3,1
120,20296,3,1
121,15709,3,1
122,91643,3,1
123,96645,3,1
124,8599,3,1
125,97322,3,1
126,6855,3,1
127,5336,3,1
128,51051,3,1
129,42239,4,50
130,77524,4,50
131,23140,4,47.7188
132,16318,4,39.6925
133,22028,4,38.8727
134,82279,4,32.4477
135,37998,4,26.1478
136,85219,4,23.6834
137,5673,4,20.9795
138,91194,4,20.2439
139,17443,4,19.7005
140,6025,4,19.4471
141,156,4,19.2723
142,93641,4,15.8232
143,62580,4,11.2767
144,80245,4,11.0069
145,82294,4,7.08173
146,92583,4,6.05654
147,92471,4,1
148,16299,4,1
149,60318,4,1
150,42085,4,1
151,34983,4,1
152,23353,4,1
153,65812,4,1
154,1669,4,1
155,47285,4,1
156,91956,5,50
157,43202,5,43.4426
158,21255,5,41.1749
159,54365,5,40.3452
160,65284,5,36.6507
161,47278,5,36.1669
162,67148,5,32.3677
163,29235,5,26.036
164,53187,5,23.6652
165,26595,5,23.2881
166,1884,5,18.3096
167,12675,5,18.0924
168,69438,5,17.9329
169,48115,5,16.228
170,3302,5,14.3108
171,83959,5,13.7257
172,5440,5,10.5403
173,43551,5,9.98088
174,11205,5,9.07157
175,8820,5,8.48772
176,23525,5,8.2011
177,33610,5,7.37888
178,97877,5,5.74078
179,49988,5,1.40888
180,25192,5,1
181,47039,5,1
182,54038,5,1
183,21132,5,1
184,14336,5,1
185,67228,5,1
186,73891,5,1
187,10617,5,1
188,78359,5,1
189,90551,5,1
190,97813,5,1
191,26212,5,1
192,157,6,50
193,65319,6,41.7138
194,27708,6,40.1798
195,73763,6,30.8682
196,67700,6,30.6259
197,23123,6,27.8761
198,48913,6,27.5178
199,46655,6,24.6367
200,18169,6,24.5454
201,65622,6,24.0377
202,46727,6,22.8922
203,29937,6,22.5629
204,82382,6,19.3914
205,72265,6,18.8059
206,18326,6,18.2468
207,80199,6,17.1972
208,88324,6,17.1801
209,48041,6,14.209
210,88839,6,13.7844
211,77799,6,11.6753
212,79328,6,11.1543
213,54711,6,11.099
214,53246,6,10.9611
215,71066,6,10.2588
216,90181,6,9.94066
217,66459,6,9.08846
218,52196,6,9.03757
219,22590,6,8.14223
220,82616,6,8.12946
221,57959,6,7.69426
222,57345,6,6.22963
223,61952,6,5.81268
224,77930,6,4.79352
225,98847,6,4.51244
226,28103,6,4.05408
227,27726,6,3.13227
228,44467,6,1.40496
229,39156,6,1
230,32213,6,1
231,30426,6,1
232,80317,6,1
233,86474,6,1
234,91648,6,1
235,93271,6,1
236,20477,6,1
237,97871,6,1
238,68773,6,1
239,73722,6,1
240,79294,6,1
241,46342,6,1
242,45745,6,1
243,42201,6,1
244,15291,6,1
245,9403,6,1
246,3725,6,1
247,55946,6,1
248,39876,7,31.0456
249,12764,7,29.1035
250,61857,7,25.4895
251,63162,7,22.2691
252,86497,7,20.8926
253,86013,7,20.4667
254,94503,7,19.1644
255,21507,7,18.0051
256,18141,7,16.9067
257,74521,7,16.8211
258,65676,7,13.1575
259,98322,7,12.5887
260,48868,7,12.1348
261,32749,7,10.3061
262,75016,7,7.19641
263,73965,7,6.64705
264,13911,7,6.3976
265,99661,7,4.66972
266,44602,7,4.38958
267,94928,7,4.3658
268,5394,7,4.01628
269,63909,7,2.77135
270,16025,7,2.69947
271,85623,7,1.68212
272,44256,7,1.14274
273,35801,7,1
274,19688,7,1
275,87629,7,1
276,41755,7,1
277,18562,8,50
278,90960,8,50
279,96753,8,43.1704
280,33872,8,43.1274
281,59075,8,41.5683
282,84950,8,41.0809
283,62744,8,29.969
284,42581,8,25.1018
285,21004,8,23.3781
286,36664,8,21.9388
287,92293,8,21.847
288,62613,8,20.4672
289,93476,8,19.7116
290,28945,8,18.7849
291,92489,8,18.7183
292,33046,8,18.2821
293,75432,8,17.6864
294,58623,8,16.9171
295,34348,8,12.5203
296,70203,8,10.8811
297,15280,8,10.1162
298,66511,8,9.76753
299,14824,8,9.34526
300,5581,8,4.60899
301,96984,8,4.34878
302,34621,8,1
303,26082,8,1
304,45363,8,1
305,19195,8,1
306,58631,8,1
307,15434,8,1
308,89550,8,1
309,89780,8,1
310,14352,8,1
311,9751,8,1
312,8672,8,1
313,4306,8,1
314,38519,8,1
315,27880,9,42.862
316,15869,9,42.8131
317,40274,9,42.6787
318,58718,9,37.0513
319,9829,9,30.6569
320,76119,9,29.0569
321,90201,9,26.6865
322,7705,9,24.5516
323,63834,9,23.4375
324,42200,9,20.8937
325,74471,9,20.8194
326,7005,9,20.6073
327,58852,9,18.1718
328,43794,9,17.9707
329,43379,9,16.6294
330,54555,9,16.4123
331,74377,9,13.9329
332,4404,9,13.0527
333,58668,9,13.0003
334,9395,9,11.0836
335,58955,9,11.0393
336,80014,9,10.6993
337,10789,9,10.1271
338,28990,9,9.70808
339,46645,9,7.54987
340,8455,9,6.81764
341,13818,9,6.45782
342,11059,9,4.89202
343,26084,9,4.41452
344,78280,9,3.93783
345,90668,9,3.78031
346,79342,9,1
347,70235,9,1
348,25937,9,1
349,65164,9,1
350,107,9,1
351,80426,9,1
352,58603,9,1
353,84990,9,1
354,86527,9,1
355,5605,9,1
356,21810,9,1
357,16558,9,1
358,81215,10,50
359,38246,10,50
360,54859,10,43.9456
361,76972,10,41.5988
362,4683,10,38.3842
363,55940,10,32.12
364,10599,10,31.1412
365,15474,10,29.3444
366,18966,10,29.0216
367,30465,10,28.6928
368,94185,10,24.4609
369,20702,10,24.1058
370,4481,10,23.2863
371,47205,10,21.436
372,94245,10,20.5274
373,96098,10,19.471
374,62049,10,19.1159
375,16732,10,18.9172
376,6315,10,18.8552
377,57466,10,18.7877
378,28098,10,13.5112
379,71938,10,13.1196
380,56446,10,9.53642
381,92273,10,8.17492
382,1456,10,7.90612
383,29018,10,7.29355
384,62489,10,3.39118
385,96330,10,3.27594
386,85732,10,3.01358
387,87300,10,2.96977
388,61336,10,2.7033
389,45884,10,1
390,17890,10,1
391,17755,10,1
392,65124,10,1
393,13622,10,1
394,12728,10,1
395,84370,10,1
396,26096,10,1
397,21750,10,1
398,39734,10,1
399,88798,10,1
400,22593,10,1
401,73953,11,50
402,7896,11,44.7934
403,3546,11,39.9207
404,18879,11,39.6467
405,94173,11,39.4371
406,3494,11,33.4845
407,97223,11,29.7051
408,52131,11,27.5276
409,31437,11,27.2433
410,64779,11,23.1158
411,74397,11,22.7929
412,39631,11,21.2585
413,29075,11,21.0311
414,29590,11,20.9628
415,51788,11,20.2273
416,21658,11,19.4896
417,54039,11,18.9525
418,33645,11,18.8253
419,10186,11,10.7013
420,4480,11,8.39634
421,68560,11,5.50446
422,71184,11,2.55972
423,70975,11,2.07
424,86198,11,1.76081
425,50031,11,1
426,26760,11,1
427,23005,11,1
428,51002,11,1
429,75413,11,1
430,85642,11,1
431,6093,11,1
432,71454,11,1
433,74682,11,1
434,46405,11,1
435,44851,11,1
436,51796,12,48.8017
437,20475,12,38.2885
438,89140,12,34.6085
439,1947,12,33.6123
440,64681,12,31.6045
441,31247,12,30.8206
442,68921,12,30.7203
443,54004,12,30.0773
444,1604,12,28.0145
445,97833,12,27.4333
446,6867,12,27.3838
447,31890,12,27.1674
448,2980,12,26.3505
449,42529,12,25.7528
450,7305,12,24.9053
451,74074,12,24.778
452,84546,12,24.5884
453,73252,12,22.9899
454,94428,12,22.7502
455,37816,12,21.689
456,63790,12,20.8574
457,51041,12,20.817
458,68130,12,19.3194
459,29126,12,19.2605
460,7648,12,19.0029
461,11749,12,18.3895
462,82637,12,17.8073
463,60630,12,17.3533
464,99689,12,13.3493
465,56119,12,9.86227
466,78262,12,9.70942
467,44258,12,8.67895
468,29766,12,7.88164
469,43200,12,5.81815
470,76012,12,3.1355
471,3070,12,1.92866
472,41440,12,1.72518
473,49250,12,1.34066
474,81862,12,1
475,84181,12,1
476,4620,12,1
477,57346,12,1
478,69849,12,1
479,30702,12,1
480,18458,12,1
481,80974,12,1
482,81132,12,1
483,94782,12,1
484,98598,12,1
485,54613,12,1
486,98162,13,50
487,70110,13,41.4465
488,39510,13,39.4955
489,50229,13,36.4172
490,81911,13,34.2155
491,62017,13,31.7242
492,20487,13,28.222
493,58735,13,27.5553
494,30835,13,26.0182
495,53830,13,22.8405
496,6435,13,20.2394
497,14571,13,19.8322
498,51664,13,19.2603
499,84543,13,18.2115
500,10147,13,17.4506
501,56757,13,15.8128
502,60497,13,15.2848
503,34595,13,13.4525
504,20414,13,11.2568
505,18652,13,10.5296
506,34964,13,10.0553
507,99042,13,8.91975
508,25329,13,8.28514
509,98928,13,7.5602
510,25893,13,6.03409
511,30992,13,5.69411
512,47941,13,5.51158
513,8332,13,5.49161
514,99418,13,4.68525
515,57070,13,4.2862
516,67757,13,1.8981
517,39703,13,1
518,45109,13,1
519,32874,13,1
520,48565,13,1
521,53972,13,1
522,28091,13,1
523,27025,13,1
524,62856,13,1
525,21682,13,1
526,67558,13,1
527,37692,13,1
528,35330,13,1
529,74831,13,1
530,16968,13,1
531,16790,13,1
532,82979,13,1
533,10449,13,1
534,87621,13,1
535,88947,13,1
536,36825,13,1
537,99570,14,50
538,58271,14,48.8568
539,43751,14,45.7622
540,31322,14,43.2604
541,34200,14,35.3489
542,13907,14,34.9025
543,17889,14,34.0627
544,27585,14,24.774
545,30264,14,22.8451
546,43091,14,21.0862
547,5813,14,18.2933
548,83765,14,18.0972
549,60449,14,15.4872
550,9846,14,14.4289
551,22809,14,13.9217
552,60740,14,13.5479
553,41986,14,13.3396
554,81188,14,12.7349
555,77822,14,11.0035
556,95892,14,10.662
557,48882,14,9.26894
558,87663,14,9.26581
559,49514,14,7.18934
560,30493,14,2.18772
561,32436,14,1
562,32108,14,1
563,3759,14,1
564,24219,14,1
565,22898,14,1
566,88857,14,1
567,12316,14,1
568,67492,14,1
569,68964,14,1
570,53988,14,1
571,53852,14,1
572,52036,14,1
573,45762,14,1
574,69289,14,1
575,72156,14,1
576,39695,14,1
577,39556,14,1
578,38871,14,1
579,37961,14,1
580,98262,14,1
581,63274,14,1
582,2898,15,50
583,97316,15,50
584,9616,15,50
585,64094,15,45.0203
586,72742,15,43.8315
587,97219,15,41.334
588,29201,15,39.7847
589,79287,15,37.9075
590,79488,15,37.0604
591,69356,15,36.8182
592,81871,15,36.6942
593,85125,15,36.6538
594,78987,15,30.6703
595,41600,15,29.4627
596,52626,15,29.0434
597,66301,15,26.813
598,96870,15,24.7497
599,67500,15,24.6231
600,54433,15,22.2596
601,35432,15,21.9597
602,72178,15,20.9412
603,77998,15,19.3792
604,42123,15,19.2148
605,47151,15,18.6331
606,8286,15,16.7058
607,13154,15,15.9989
608,30223,15,15.6568
609,96740,15,12.6968
610,31807,15,12.4417
611,41613,15,11.97
612,9414,15,11.8089
613,51269,15,10.7718
614,80059,15,8.98171
615,95196,15,8.26596
616,69863,15,8.19978
617,13980,15,8.13173
618,74551,15,5.73897
619,57876,15,1.69989
620,92095,15,1
621,40064,15,1
622,54801,15,1
623,57796,15,1
624,62408,15,1
625,28690,15,1
626,27233,15,1
627,25510,15,1
628,24222,15,1
629,23408,15,1
630,23181,15,1
631,81081,15,1
632,97876,15,1
633,77090,15,1
634,87373,15,1
635,91110,15,1
636,85662,15,1
637,7462,15,1
638,7204,15,1
639,88770,15,1
640,97366,16,50
641,26175,16,49.7971
642,60620,16,45.1953
643,52553,16,44.1062
644,11449,16,41.0944
645,79663,16,39.3643
646,26194,16,37.5739
647,25226,16,37.4274
648,35451,16,36.6516
649,44879,16,33.1273
650,90266,16,30.6496
651,81659,16,27.8077
652,83879,16,26.8076
653,27463,16,26.486
654,46462,16,26.4571
655,27375,16,24.7554
656,54017,16,22.5429
657,48497,16,21.3211
658,60388,16,20.0716
659,4294,16,19.1838
660,85667,16,15.8798
661,21588,16,12.5577
662,23377,16,9.47826
663,21761,16,7.69286
664,70257,16,6.43482
665,50869,16,5.51342
666,61167,16,5.48532
667,83254,16,5.15031
668,77420,16,4.93251
669,72850,16,4.39167
670,67369,16,4.31236
671,80169,16,2.35694
672,40855,16,1
673,62981,16,1
674,66107,16,1
675,23495,16,1
676,80488,16,1
677,16921,16,1
678,87445,16,1
679,4805,16,1
680,28162,16,1
681,42239,17,50
682,77524,17,50
683,23140,17,47.7188
684,16318,17,39.6925
685,22028,17,38.8727
686,82279,17,32.4477
687,37998,17,26.1478
688,85219,17,23.6834
689,5673,17,20.9795
690,91194,17,20.2439
691,17443,17,19.7005
692,6025,17,19.4471
693,156,17,19.2723
694,93641,17,15.8232
695,62580,17,11.2767
696,80245,17,11.0069
697,22590,17,8.14223
698,90126,17,7.32756
699,82294,17,7.08173
700,92583,17,6.05654
701,16299,17,1
702,92471,17,1
703,47285,17,1
704,60499,17,1
705,42085,17,1
706,34983,17,1
707,23353,17,1
708,65812,17,1
709,1669,17,1
710,60318,17,1
711,94734,18,39.3038
712,96252,18,38.5295
713,25226,18,37.4274
714,28302,18,28.6841
715,31934,18,22.9132
716,8474,18,22.2499
717,41557,18,21.8034
718,32764,18,21.589
719,84973,18,20.1514
720,71726,18,20.0007
721,4613,18,16.8502
722,31802,18,16.4342
723,68699,18,16.2809
724,84802,18,15.4619
725,82806,18,14.7227
726,9846,18,14.4289
727,41741,18,13.4218
728,25603,18,12.7857
729,42369,18,12.5706
730,15131,18,6.06452
731,54258,18,4.70334
732,44937,18,2.59544
733,90822,18,2.35386
734,70630,18,1
735,71952,18,1
736,39309,18,1
737,77314,18,1
738,79786,18,1
739,80676,18,1
740,84636,18,1
741,22898,18,1
742,15709,18,1
743,69289,18,1
744,66471,18,1
745,55563,18,1
746,51051,18,1
747,42963,18,1
748,42870,18,1
749,91643,18,1
750,96645,18,1
751,6855,18,1
752,5336,18,1
753,67492,18,1
754,98162,19,50
755,70110,19,41.4465
756,39510,19,39.4955
757,50229,19,36.4172
758,81911,19,34.2155
759,62017,19,31.7242
760,20487,19,28.222
761,58735,19,27.5553
762,30835,19,26.0182
763,53830,19,22.8405
764,6435,19,20.2394
765,14571,19,19.8322
766,51664,19,19.2603
767,84543,19,18.2115
768,10147,19,17.4506
769,56757,19,15.8128
770,60497,19,15.2848
771,34595,19,13.4525
772,20414,19,11.2568
773,18652,19,10.5296
774,34964,19,10.0553
775,99042,19,8.91975
776,25329,19,8.28514
777,98928,19,7.5602
778,25893,19,6.03409
779,30992,19,5.69411
780,47941,19,5.51158
781,8332,19,5.49161
782,99418,19,4.68525
783,57070,19,4.2862
784,67757,19,1.8981
785,39703,19,1
786,45109,19,1
787,32874,19,1
788,48565,19,1
789,53972,19,1
790,28091,19,1
791,27025,19,1
792,62856,19,1
793,21682,19,1
794,67558,19,1
795,37692,19,1
796,35330,19,1
797,74831,19,1
798,16968,19,1
799,16790,19,1
800,82979,19,1
801,10449,19,1
802,87621,19,1
803,88947,19,1
804,36825,19,1
805,90960,20,50
806,96753,20,43.1704
807,59075,20,41.5683
808,65284,20,36.6507
809,62744,20,29.969
810,61857,20,25.4895
811,42581,20,25.1018
812,21004,20,23.3781
813,63162,20,22.2691
814,92293,20,21.847
815,62613,20,20.4672
816,94503,20,19.1644
817,33046,20,18.2821
818,21507,20,18.0051
819,75432,20,17.6864
820,58623,20,16.9171
821,74521,20,16.8211
822,98322,20,12.5887
823,70203,20,10.8811
824,66511,20,9.76753
825,14824,20,9.34526
826,75016,20,7.19641
827,5581,20,4.60899
828,96984,20,4.34878
829,89550,20,1
830,38519,20,1
831,89780,20,1
832,26082,20,1
833,19195,20,1
834,8672,20,1
835,58631,20,1
836,51796,21,48.8017
837,20475,21,38.2885
838,89140,21,34.6085
839,1947,21,33.6123
840,64681,21,31.6045
841,31247,21,30.8206
842,68921,21,30.7203
843,54004,21,30.0773
844,97223,21,29.7051
845,1604,21,28.0145
846,97833,21,27.4333
847,6867,21,27.3838
848,31437,21,27.2433
849,31890,21,27.1674
850,2980,21,26.3505
851,42529,21,25.7528
852,7305,21,24.9053
853,74074,21,24.778
854,84546,21,24.5884
855,73252,21,22.9899
856,94428,21,22.7502
857,37816,21,21.689
858,63790,21,20.8574
859,51041,21,20.817
860,68130,21,19.3194
861,29126,21,19.2605
862,7648,21,19.0029
863,11749,21,18.3895
864,82637,21,17.8073
865,60630,21,17.3533
866,99689,21,13.3493
867,56119,21,9.86227
868,78262,21,9.70942
869,44258,21,8.67895
870,29766,21,7.88164
871,43200,21,5.81815
872,76012,21,3.1355
873,70975,21,2.07
874,3070,21,1.92866
875,86198,21,1.76081
876,41440,21,1.72518
877,49250,21,1.34066
878,51002,21,1
879,57346,21,1
880,69849,21,1
881,30702,21,1
882,80974,21,1
883,18458,21,1
884,81132,21,1
885,81862,21,1
886,84181,21,1
887,4620,21,1
888,94782,21,1
889,98598,21,1
890,54613,21,1
891,89899,22,50
892,48265,22,41.7259
893,39986,22,38.0979
894,99272,22,30.1561
895,92697,22,29.3771
896,50632,22,21.478
897,22588,22,21.0992
898,2708,22,18.0355
899,43794,22,17.9707
900,4139,22,13.6802
901,33715,22,13.2895
902,52043,22,13.0604
903,37524,22,12.4128
904,6777,22,10.8251
905,72370,22,10.767
906,58411,22,9.40149
907,83011,22,6.61063
908,75394,22,6.14778
909,99885,22,6.04339
910,17707,22,5.68531
911,13617,22,4.75836
912,75600,22,4.2079
913,22601,22,4.06589
914,60209,22,2.28773
915,25796,22,1
916,65889,22,1
917,27071,22,1
918,55550,22,1
919,22337,22,1
920,22149,22,1
921,19472,22,1
922,47310,22,1
923,17421,22,1
924,80515,22,1
925,12383,22,1
926,70239,22,1
927,75084,22,1
928,60380,22,1
929,97366,23,50
930,26175,23,49.7971
931,60620,23,45.1953
932,52553,23,44.1062
933,11449,23,41.0944
934,79663,23,39.3643
935,26194,23,37.5739
936,35451,23,36.6516
937,44879,23,33.1273
938,90266,23,30.6496
939,81659,23,27.8077
940,83879,23,26.8076
941,27463,23,26.486
942,46462,23,26.4571
943,27375,23,24.7554
944,54017,23,22.5429
945,48497,23,21.3211
946,60388,23,20.0716
947,4294,23,19.1838
948,85667,23,15.8798
949,21588,23,12.5577
950,23377,23,9.47826
951,21761,23,7.69286
952,70257,23,6.43482
953,50869,23,5.51342
954,61167,23,5.48532
955,83254,23,5.15031
956,77420,23,4.93251
957,72850,23,4.39167
958,67369,23,4.31236
959,80169,23,2.35694
960,28162,23,1
961,62981,23,1
962,66107,23,1
963,23495,23,1
964,80488,23,1
965,16921,23,1
966,87445,23,1
967,5605,23,1
968,4805,23,1
969,40855,23,1
970,2898,24,50
971,97316,24,50
972,9616,24,50
973,64094,24,45.0203
974,72742,24,43.8315
975,97219,24,41.334
976,29201,24,39.7847
977,79287,24,37.9075
978,79488,24,37.0604
979,69356,24,36.8182
980,81871,24,36.6942
981,85125,24,36.6538
982,78987,24,30.6703
983,41600,24,29.4627
984,52626,24,29.0434
985,66301,24,26.813
986,96870,24,24.7497
987,67500,24,24.6231
988,54433,24,22.2596
989,35432,24,21.9597
990,72178,24,20.9412
991,77998,24,19.3792
992,42123,24,19.2148
993,47151,24,18.6331
994,56957,24,17.4956
995,8286,24,16.7058
996,13154,24,15.9989
997,30223,24,15.6568
998,96740,24,12.6968
999,31807,24,12.4417
1000,41613,24,11.97
1001,9414,24,11.8089
1002,51269,24,10.7718
1003,80059,24,8.98171
1004,95196,24,8.26596
1005,69863,24,8.19978
1006,13980,24,8.13173
1007,74551,24,5.73897
1008,57876,24,1.69989
1009,88770,24,1
1010,92095,24,1
1011,40064,24,1
1012,87373,24,1
1013,85662,24,1
1014,54801,24,1
1015,57796,24,1
1016,28690,24,1
1017,27233,24,1
1018,25510,24,1
1019,24222,24,1
1020,23408,24,1
1021,23181,24,1
1022,91110,24,1
1023,62408,24,1
1024,97876,24,1
1025,81081,24,1
1026,77090,24,1
1027,7462,24,1
1028,7204,24,1
1029,41742,24,1
1030,157,25,50
1031,65319,25,41.7138
1032,27708,25,40.1798
1033,73763,25,30.8682
1034,67700,25,30.6259
1035,23123,25,27.8761
1036,48913,25,27.5178
1037,46655,25,24.6367
1038,18169,25,24.5454
1039,65622,25,24.0377
1040,46727,25,22.8922
1041,29937,25,22.5629
1042,82382,25,19.3914
1043,72265,25,18.8059
1044,18326,25,18.2468
1045,80199,25,17.1972
1046,88324,25,17.1801
1047,48041,25,14.209
1048,88839,25,13.7844
1049,77799,25,11.6753
1050,79328,25,11.1543
1051,54711,25,11.099
1052,53246,25,10.9611
1053,71066,25,10.2588
1054,90181,25,9.94066
1055,66459,25,9.08846
1056,52196,25,9.03757
1057,82616,25,8.12946
1058,57959,25,7.69426
1059,57345,25,6.22963
1060,61952,25,5.81268
1061,77930,25,4.79352
1062,98847,25,4.51244
1063,28103,25,4.05408
1064,27726,25,3.13227
1065,44467,25,1.40496
1066,73722,25,1
1067,55946,25,1
1068,79294,25,1
1069,80317,25,1
1070,86474,25,1
1071,46342,25,1
1072,45745,25,1
1073,42201,25,1
1074,39156,25,1
1075,32213,25,1
1076,30426,25,1
1077,91648,25,1
1078,93271,25,1
1079,20477,25,1
1080,97871,25,1
1081,15291,25,1
1082,9403,25,1
1083,3725,25,1
1084,68773,25,1
1085,73953,26,50
1086,18562,26,50
1087,7896,26,44.7934
1088,33872,26,43.1274
1089,84950,26,41.0809
1090,3546,26,39.9207
1091,94173,26,39.4371
1092,52131,26,27.5276
1093,64779,26,23.1158
1094,74397,26,22.7929
1095,36664,26,21.9388
1096,39631,26,21.2585
1097,29590,26,20.9628
1098,51788,26,20.2273
1099,93476,26,19.7116
1100,21658,26,19.4896
1101,54039,26,18.9525
1102,33645,26,18.8253
1103,28945,26,18.7849
1104,92489,26,18.7183
1105,34348,26,12.5203
1106,10186,26,10.7013
1107,15280,26,10.1162
1108,4480,26,8.39634
1109,68560,26,5.50446
1110,71184,26,2.55972
1111,23005,26,1
1112,50031,26,1
1113,15434,26,1
1114,14352,26,1
1115,9751,26,1
1116,6093,26,1
1117,45363,26,1
1118,74682,26,1
1119,34621,26,1
1120,75413,26,1
1121,46405,26,1
1122,85642,26,1
1123,26760,26,1
1124,4306,26,1
1125,71454,26,1
1126,27880,27,42.862
1127,15869,27,42.8131
1128,40274,27,42.6787
1129,58718,27,37.0513
1130,9829,27,30.6569
1131,76119,27,29.0569
1132,90201,27,26.6865
1133,7705,27,24.5516
1134,63834,27,23.4375
1135,42200,27,20.8937
1136,74471,27,20.8194
1137,7005,27,20.6073
1138,58852,27,18.1718
1139,43379,27,16.6294
1140,54555,27,16.4123
1141,74377,27,13.9329
1142,4404,27,13.0527
1143,58668,27,13.0003
1144,9395,27,11.0836
1145,58955,27,11.0393
1146,80014,27,10.6993
1147,10789,27,10.1271
1148,28990,27,9.70808
1149,46645,27,7.54987
1150,8455,27,6.81764
1151,13818,27,6.45782
1152,11059,27,4.89202
1153,26084,27,4.41452
1154,78280,27,3.93783
1155,90668,27,3.78031
1156,65164,27,1
1157,70235,27,1
1158,79342,27,1
1159,25937,27,1
1160,21810,27,1
1161,16558,27,1
1162,80426,27,1
1163,107,27,1
1164,84990,27,1
1165,86527,27,1
1166,58603,27,1
1167,91956,28,50
1168,43202,28,43.4426
1169,21255,28,41.1749
1170,54365,28,40.3452
1171,47278,28,36.1669
1172,39876,28,31.0456
1173,12764,28,29.1035
1174,29235,28,26.036
1175,53187,28,23.6652
1176,26595,28,23.2881
1177,86497,28,20.8926
1178,86013,28,20.4667
1179,1884,28,18.3096
1180,12675,28,18.0924
1181,69438,28,17.9329
1182,18141,28,16.9067
1183,48115,28,16.228
1184,3302,28,14.3108
1185,83959,28,13.7257
1186,65676,28,13.1575
1187,48868,28,12.1348
1188,5440,28,10.5403
1189,32749,28,10.3061
1190,43551,28,9.98088
1191,11205,28,9.07157
1192,8820,28,8.48772
1193,23525,28,8.2011
1194,33610,28,7.37888
1195,73965,28,6.64705
1196,13911,28,6.3976
1197,97877,28,5.74078
1198,99661,28,4.66972
1199,44602,28,4.38958
1200,94928,28,4.3658
1201,5394,28,4.01628
1202,63909,28,2.77135
1203,16025,28,2.69947
1204,85623,28,1.68212
1205,49988,28,1.40888
1206,44256,28,1.14274
1207,73891,28,1
1208,54038,28,1
1209,78359,28,1
1210,47039,28,1
1211,41755,28,1
1212,87629,28,1
1213,35801,28,1
1214,90551,28,1
1215,26212,28,1
1216,25192,28,1
1217,97813,28,1
1218,21132,28,1
1219,19688,28,1
1220,14336,28,1
1221,10617,28,1
1222,67228,28,1
1223,81215,29,50
1224,38246,29,50
1225,95020,29,47.6197
1226,54859,29,43.9456
1227,76972,29,41.5988
1228,4683,29,38.3842
1229,55940,29,32.12
1230,10599,29,31.1412
1231,15474,29,29.3444
1232,18966,29,29.0216
1233,30465,29,28.6928
1234,94185,29,24.4609
1235,20702,29,24.1058
1236,4481,29,23.2863
1237,47205,29,21.436
1238,94245,29,20.5274
1239,96098,29,19.471
1240,62049,29,19.1159
1241,16732,29,18.9172
1242,6315,29,18.8552
1243,57466,29,18.7877
1244,28098,29,13.5112
1245,71938,29,13.1196
1246,56446,29,9.53642
1247,92273,29,8.17492
1248,1456,29,7.90612
1249,29018,29,7.29355
1250,62489,29,3.39118
1251,96330,29,3.27594
1252,85732,29,3.01358
1253,87300,29,2.96977
1254,61336,29,2.7033
1255,17755,29,1
1256,65124,29,1
1257,84370,29,1
1258,13622,29,1
1259,12728,29,1
1260,88798,29,1
1261,39734,29,1
1262,26096,29,1
1263,22593,29,1
1264,21750,29,1
1265,17890,29,1
1266,45884,29,1
1267,99570,30,50
1268,58271,30,48.8568
1269,43751,30,45.7622
1270,31322,30,43.2604
1271,18879,30,39.6467
1272,34200,30,35.3489
1273,13907,30,34.9025
1274,17889,30,34.0627
1275,3494,30,33.4845
1276,27585,30,24.774
1277,30264,30,22.8451
1278,43091,30,21.0862
1279,29075,30,21.0311
1280,5813,30,18.2933
1281,83765,30,18.0972
1282,60449,30,15.4872
1283,22809,30,13.9217
1284,60740,30,13.5479
1285,41986,30,13.3396
1286,81188,30,12.7349
1287,77822,30,11.0035
1288,95892,30,10.662
1289,48882,30,9.26894
1290,87663,30,9.26581
1291,49514,30,7.18934
1292,30493,30,2.18772
1293,68964,30,1
1294,72156,30,1
1295,24219,30,1
1296,88857,30,1
1297,53988,30,1
1298,52036,30,1
1299,45762,30,1
1300,44851,30,1
1301,39695,30,1
1302,39556,30,1
1303,38871,30,1
1304,37961,30,1
1305,63274,30,1
1306,32436,30,1
1307,32108,30,1
1308,12316,30,1
1309,98262,30,1
1310,3759,30,1
1311,53852,30,1
1312,36511,31,50
1313,55152,31,44.8709
1314,26601,31,44.7563
1315,1890,31,42.6645
1316,85653,31,40.4156
1317,66325,31,39.7633
1318,84235,31,37.0199
1319,67148,31,32.3677
1320,83712,31,30.2073
1321,69615,31,28.8617
1322,31253,31,27.8679
1323,68634,31,25.2539
1324,63020,31,21.0762
1325,77411,31,20.787
1326,91513,31,18.9251
1327,20517,31,16.9781
1328,70662,31,16.3575
1329,67156,31,14.2982
1330,93117,31,12.8083
1331,36571,31,12.7276
1332,43205,31,12.6785
1333,15928,31,10.9712
1334,15070,31,9.15927
1335,31941,31,8.71002
1336,38711,31,8.43221
1337,50254,31,8.18111
1338,63764,31,6.2241
1339,26235,31,5.7407
1340,93971,31,5.73845
1341,96322,31,4.07945
1342,82039,31,3.64424
1343,1437,31,1
1344,92725,31,1
1345,87327,31,1
1346,76836,31,1
1347,75498,31,1
1348,70318,31,1
1349,68246,31,1
1350,57382,31,1
1351,56650,31,1
1352,56209,31,1
1353,45923,31,1
1354,29620,31,1
1355,27979,31,1
1356,27253,31,1
1357,20296,31,1
1358,8599,31,1
1359,5456,31,1
1360,97322,31,1
1361,81215,32,50
1362,38246,32,50
1363,95020,32,47.6197
1364,54859,32,43.9456
1365,76972,32,41.5988
1366,4683,32,38.3842
1367,55940,32,32.12
1368,10599,32,31.1412
1369,15474,32,29.3444
1370,18966,32,29.0216
1371,30465,32,28.6928
1372,94185,32,24.4609
1373,20702,32,24.1058
1374,4481,32,23.2863
1375,47205,32,21.436
1376,94245,32,20.5274
1377,96098,32,19.471
1378,62049,32,19.1159
1379,16732,32,18.9172
1380,6315,32,18.8552
1381,57466,32,18.7877
1382,28098,32,13.5112
1383,71938,32,13.1196
1384,56446,32,9.53642
1385,92273,32,8.17492
1386,1456,32,7.90612
1387,29018,32,7.29355
1388,62489,32,3.39118
1389,96330,32,3.27594
1390,85732,32,3.01358
1391,87300,32,2.96977
1392,61336,32,2.7033
1393,17755,32,1
1394,65124,32,1
1395,84370,32,1
1396,13622,32,1
1397,12728,32,1
1398,88798,32,1
1399,39734,32,1
1400,26096,32,1
1401,22593,32,1
1402,21750,32,1
1403,17890,32,1
1404,45884,32,1
1405,89899,33,50
1406,40274,33,42.6787
1407,63834,33,23.4375
1408,50632,33,21.478
1409,22588,33,21.0992
1410,43794,33,17.9707
1411,10147,33,17.4506
1412,43379,33,16.6294
1413,60497,33,15.2848
1414,34595,33,13.4525
1415,4404,33,13.0527
1416,37524,33,12.4128
1417,6777,33,10.8251
1418,83011,33,6.61063
1419,47941,33,5.51158
1420,11059,33,4.89202
1421,75600,33,4.2079
1422,22601,33,4.06589
1423,78280,33,3.93783
1424,80515,33,1
1425,70239,33,1
1426,70235,33,1
1427,65164,33,1
1428,35330,33,1
1429,27071,33,1
1430,27025,33,1
1431,22337,33,1
1432,17421,33,1
1433,5605,33,1
1434,97316,34,50
1435,9616,34,50
1436,97219,34,41.334
1437,29201,34,39.7847
1438,79287,34,37.9075
1439,81871,34,36.6942
1440,85125,34,36.6538
1441,78987,34,30.6703
1442,41600,34,29.4627
1443,96870,34,24.7497
1444,67500,34,24.6231
1445,72178,34,20.9412
1446,77998,34,19.3792
1447,42123,34,19.2148
1448,30223,34,15.6568
1449,96740,34,12.6968
1450,31807,34,12.4417
1451,41613,34,11.97
1452,9414,34,11.8089
1453,51269,34,10.7718
1454,69863,34,8.19978
1455,74551,34,5.73897
1456,57876,34,1.69989
1457,54801,34,1
1458,7462,34,1
1459,40064,34,1
1460,62408,34,1
1461,77090,34,1
1462,85662,34,1
1463,28690,34,1
1464,27233,34,1
1465,25510,34,1
1466,24222,34,1
1467,23408,34,1
1468,23181,34,1
1469,91110,34,1
1470,92095,34,1
1471,57796,34,1
1472,2898,35,50
1473,64094,35,45.0203
1474,72742,35,43.8315
1475,48265,35,41.7259
1476,39986,35,38.0979
1477,79488,35,37.0604
1478,69356,35,36.8182
1479,99272,35,30.1561
1480,92697,35,29.3771
1481,52626,35,29.0434
1482,35432,35,21.9597
1483,2708,35,18.0355
1484,56957,35,17.4956
1485,13154,35,15.9989
1486,4139,35,13.6802
1487,33715,35,13.2895
1488,52043,35,13.0604
1489,72370,35,10.767
1490,58411,35,9.40149
1491,80059,35,8.98171
1492,75394,35,6.14778
1493,99885,35,6.04339
1494,17707,35,5.68531
1495,13617,35,4.75836
1496,60209,35,2.28773
1497,65889,35,1
1498,75084,35,1
1499,25796,35,1
1500,22149,35,1
1501,19472,35,1
1502,47310,35,1
1503,41742,35,1
1504,60380,35,1
1505,81081,35,1
1506,12383,35,1
1507,7204,35,1
1508,88770,35,1
1509,97876,35,1
1510,55550,35,1
1511,27880,36,42.862
1512,44879,36,33.1273
1513,9829,36,30.6569
1514,76119,36,29.0569
1515,90201,36,26.6865
1516,7705,36,24.5516
1517,48497,36,21.3211
1518,42200,36,20.8937
1519,74471,36,20.8194
1520,58852,36,18.1718
1521,80199,36,17.1972
1522,54555,36,16.4123
1523,85667,36,15.8798
1524,74377,36,13.9329
1525,58668,36,13.0003
1526,21588,36,12.5577
1527,9395,36,11.0836
1528,58955,36,11.0393
1529,80014,36,10.6993
1530,10789,36,10.1271
1531,28990,36,9.70808
1532,23377,36,9.47826
1533,21761,36,7.69286
1534,46645,36,7.54987
1535,8455,36,6.81764
1536,13818,36,6.45782
1537,70257,36,6.43482
1538,61167,36,5.48532
1539,26084,36,4.41452
1540,90668,36,3.78031
1541,90822,36,2.35386
1542,80426,36,1
1543,16558,36,1
1544,80676,36,1
1545,86527,36,1
1546,62981,36,1
1547,42963,36,1
1548,71952,36,1
1549,79342,36,1
1550,25937,36,1
1551,79786,36,1
1552,21810,36,1
1553,107,36,1
1554,5336,36,1
1555,58603,36,1
1556,18562,37,50
1557,96753,37,43.1704
1558,33872,37,43.1274
1559,59075,37,41.5683
1560,84950,37,41.0809
1561,3546,37,39.9207
1562,42581,37,25.1018
1563,36664,37,21.9388
1564,62613,37,20.4672
1565,51788,37,20.2273
1566,93476,37,19.7116
1567,54039,37,18.9525
1568,28945,37,18.7849
1569,92489,37,18.7183
1570,75432,37,17.6864
1571,58623,37,16.9171
1572,34348,37,12.5203
1573,15280,37,10.1162
1574,14824,37,9.34526
1575,5581,37,4.60899
1576,19195,37,1
1577,89550,37,1
1578,15434,37,1
1579,14352,37,1
1580,9751,37,1
1581,8672,37,1
1582,45363,37,1
1583,34621,37,1
1584,58631,37,1
1585,89780,37,1
1586,26082,37,1
1587,4306,37,1
1588,38519,37,1
1589,51796,38,48.8017
1590,20475,38,38.2885
1591,89140,38,34.6085
1592,1947,38,33.6123
1593,64681,38,31.6045
1594,31247,38,30.8206
1595,68921,38,30.7203
1596,1604,38,28.0145
1597,97833,38,27.4333
1598,31890,38,27.1674
1599,2980,38,26.3505
1600,42529,38,25.7528
1601,7305,38,24.9053
1602,74074,38,24.778
1603,84546,38,24.5884
1604,73252,38,22.9899
1605,94428,38,22.7502
1606,37816,38,21.689
1607,63790,38,20.8574
1608,51041,38,20.817
1609,68130,38,19.3194
1610,29126,38,19.2605
1611,7648,38,19.0029
1612,11749,38,18.3895
1613,82637,38,17.8073
1614,60630,38,17.3533
1615,99689,38,13.3493
1616,56119,38,9.86227
1617,78262,38,9.70942
1618,44258,38,8.67895
1619,29766,38,7.88164
1620,49514,38,7.18934
1621,43200,38,5.81815
1622,76012,38,3.1355
1623,3070,38,1.92866
1624,41440,38,1.72518
1625,49250,38,1.34066
1626,69849,38,1
1627,54613,38,1
1628,80974,38,1
1629,18458,38,1
1630,81132,38,1
1631,81862,38,1
1632,84181,38,1
1633,4620,38,1
1634,57346,38,1
1635,94782,38,1
1636,98598,38,1
1637,30702,38,1
1638,157,39,50
1639,65319,39,41.7138
1640,27708,39,40.1798
1641,73763,39,30.8682
1642,67700,39,30.6259
1643,23123,39,27.8761
1644,48913,39,27.5178
1645,46655,39,24.6367
1646,18169,39,24.5454
1647,46727,39,22.8922
1648,29937,39,22.5629
1649,82382,39,19.3914
1650,72265,39,18.8059
1651,18326,39,18.2468
1652,88324,39,17.1801
1653,48041,39,14.209
1654,88839,39,13.7844
1655,77799,39,11.6753
1656,79328,39,11.1543
1657,54711,39,11.099
1658,53246,39,10.9611
1659,71066,39,10.2588
1660,90181,39,9.94066
1661,66459,39,9.08846
1662,52196,39,9.03757
1663,82616,39,8.12946
1664,57959,39,7.69426
1665,57345,39,6.22963
1666,61952,39,5.81268
1667,77930,39,4.79352
1668,98847,39,4.51244
1669,28103,39,4.05408
1670,27726,39,3.13227
1671,44467,39,1.40496
1672,45745,39,1
1673,42201,39,1
1674,39156,39,1
1675,32213,39,1
1676,30426,39,1
1677,80317,39,1
1678,68773,39,1
1679,79294,39,1
1680,46342,39,1
1681,86474,39,1
1682,91648,39,1
1683,20477,39,1
1684,93271,39,1
1685,97871,39,1
1686,15291,39,1
1687,9403,39,1
1688,3725,39,1
1689,55946,39,1
1690,36511,40,50
1691,85653,40,40.4156
1692,94734,40,39.3038
1693,96252,40,38.5295
1694,84235,40,37.0199
1695,67148,40,32.3677
1696,28302,40,28.6841
1697,31934,40,22.9132
1698,8474,40,22.2499
1699,41557,40,21.8034
1700,32764,40,21.589
1701,63020,40,21.0762
1702,77411,40,20.787
1703,84973,40,20.1514
1704,71726,40,20.0007
1705,69438,40,17.9329
1706,4613,40,16.8502
1707,31802,40,16.4342
1708,68699,40,16.2809
1709,84802,40,15.4619
1710,82806,40,14.7227
1711,83959,40,13.7257
1712,41741,40,13.4218
1713,25603,40,12.7857
1714,15070,40,9.15927
1715,15131,40,6.06452
1716,54258,40,4.70334
1717,44937,40,2.59544
1718,73891,40,1
1719,77314,40,1
1720,84636,40,1
1721,91643,40,1
1722,96645,40,1
1723,20296,40,1
1724,15709,40,1
1725,66471,40,1
1726,55563,40,1
1727,51051,40,1
1728,42870,40,1
1729,70630,40,1
1730,39309,40,1
1731,8599,40,1
1732,97322,40,1
1733,6855,40,1
1734,70318,40,1
1735,42239,41,50
1736,77524,41,50
1737,23140,41,47.7188
1738,16318,41,39.6925
1739,22028,41,38.8727
1740,82279,41,32.4477
1741,37998,41,26.1478
1742,85219,41,23.6834
1743,5673,41,20.9795
1744,91194,41,20.2439
1745,17443,41,19.7005
1746,6025,41,19.4471
1747,156,41,19.2723
1748,93641,41,15.8232
1749,62580,41,11.2767
1750,80245,41,11.0069
1751,22590,41,8.14223
1752,82294,41,7.08173
1753,92583,41,6.05654
1754,16299,41,1
1755,60318,41,1
1756,42085,41,1
1757,34983,41,1
1758,23353,41,1
1759,65812,41,1
1760,92471,41,1
1761,1669,41,1
1762,47285,41,1
1763,55152,42,44.8709
1764,26601,42,44.7563
1765,1890,42,42.6645
1766,66325,42,39.7633
1767,83712,42,30.2073
1768,69615,42,28.8617
1769,31253,42,27.8679
1770,68634,42,25.2539
1771,65622,42,24.0377
1772,91513,42,18.9251
1773,20517,42,16.9781
1774,70662,42,16.3575
1775,67156,42,14.2982
1776,93117,42,12.8083
1777,36571,42,12.7276
1778,43205,42,12.6785
1779,15928,42,10.9712
1780,31941,42,8.71002
1781,38711,42,8.43221
1782,50254,42,8.18111
1783,90126,42,7.32756
1784,63764,42,6.2241
1785,26235,42,5.7407
1786,93971,42,5.73845
1787,96322,42,4.07945
1788,82039,42,3.64424
1789,45923,42,1
1790,57382,42,1
1791,60499,42,1
1792,68246,42,1
1793,73722,42,1
1794,75498,42,1
1795,29620,42,1
1796,27979,42,1
1797,27253,42,1
1798,76836,42,1
1799,56209,42,1
1800,87327,42,1
1801,92725,42,1
1802,5456,42,1
1803,1437,42,1
1804,56650,42,1
1805,73953,43,50
1806,7896,43,44.7934
1807,18879,43,39.6467
1808,94173,43,39.4371
1809,3494,43,33.4845
1810,54004,43,30.0773
1811,97223,43,29.7051
1812,52131,43,27.5276
1813,31437,43,27.2433
1814,64779,43,23.1158
1815,30264,43,22.8451
1816,74397,43,22.7929
1817,39631,43,21.2585
1818,29075,43,21.0311
1819,29590,43,20.9628
1820,21658,43,19.4896
1821,33645,43,18.8253
1822,81188,43,12.7349
1823,10186,43,10.7013
1824,4480,43,8.39634
1825,68560,43,5.50446
1826,71184,43,2.55972
1827,70975,43,2.07
1828,86198,43,1.76081
1829,75413,43,1
1830,44851,43,1
1831,46405,43,1
1832,26760,43,1
1833,24219,43,1
1834,23005,43,1
1835,50031,43,1
1836,85642,43,1
1837,51002,43,1
1838,74682,43,1
1839,6093,43,1
1840,63274,43,1
1841,71454,43,1
1842,97366,44,50
1843,26175,44,49.7971
1844,60620,44,45.1953
1845,11449,44,41.0944
1846,79663,44,39.3643
1847,26194,44,37.5739
1848,90266,44,30.6496
1849,81659,44,27.8077
1850,6867,44,27.3838
1851,66301,44,26.813
1852,83879,44,26.8076
1853,27463,44,26.486
1854,46462,44,26.4571
1855,27375,44,24.7554
1856,54017,44,22.5429
1857,54433,44,22.2596
1858,60388,44,20.0716
1859,4294,44,19.1838
1860,47151,44,18.6331
1861,8286,44,16.7058
1862,95196,44,8.26596
1863,13980,44,8.13173
1864,50869,44,5.51342
1865,83254,44,5.15031
1866,77420,44,4.93251
1867,72850,44,4.39167
1868,67369,44,4.31236
1869,80169,44,2.35694
1870,40855,44,1
1871,28162,44,1
1872,80488,44,1
1873,87373,44,1
1874,23495,44,1
1875,16921,44,1
1876,87445,44,1
1877,4805,44,1
1878,66107,44,1
1879,90960,45,50
1880,65284,45,36.6507
1881,62744,45,29.969
1882,61857,45,25.4895
1883,21004,45,23.3781
1884,63162,45,22.2691
1885,92293,45,21.847
1886,94503,45,19.1644
1887,1884,45,18.3096
1888,33046,45,18.2821
1889,21507,45,18.0051
1890,74521,45,16.8211
1891,48115,45,16.228
1892,3302,45,14.3108
1893,98322,45,12.5887
1894,70203,45,10.8811
1895,66511,45,9.76753
1896,8820,45,8.48772
1897,75016,45,7.19641
1898,97877,45,5.74078
1899,96984,45,4.34878
1900,10617,45,1
1901,47039,45,1
1902,38871,45,1
1903,25192,45,1
1904,78359,45,1
1905,19688,45,1
1906,54038,45,1
1907,91956,46,50
1908,43202,46,43.4426
1909,21255,46,41.1749
1910,54365,46,40.3452
1911,47278,46,36.1669
1912,39876,46,31.0456
1913,12764,46,29.1035
1914,29235,46,26.036
1915,53187,46,23.6652
1916,26595,46,23.2881
1917,86497,46,20.8926
1918,86013,46,20.4667
1919,12675,46,18.0924
1920,18141,46,16.9067
1921,65676,46,13.1575
1922,48868,46,12.1348
1923,5440,46,10.5403
1924,32749,46,10.3061
1925,43551,46,9.98088
1926,11205,46,9.07157
1927,23525,46,8.2011
1928,33610,46,7.37888
1929,73965,46,6.64705
1930,13911,46,6.3976
1931,99661,46,4.66972
1932,44602,46,4.38958
1933,94928,46,4.3658
1934,5394,46,4.01628
1935,63909,46,2.77135
1936,16025,46,2.69947
1937,85623,46,1.68212
1938,49988,46,1.40888
1939,44256,46,1.14274
1940,41755,46,1
1941,26212,46,1
1942,67228,46,1
1943,21132,46,1
1944,87629,46,1
1945,14336,46,1
1946,90551,46,1
1947,97813,46,1
1948,35801,46,1
1949,98162,47,50
1950,15869,47,42.8131
1951,70110,47,41.4465
1952,39510,47,39.4955
1953,58718,47,37.0513
1954,50229,47,36.4172
1955,81911,47,34.2155
1956,62017,47,31.7242
1957,20487,47,28.222
1958,58735,47,27.5553
1959,30835,47,26.0182
1960,53830,47,22.8405
1961,7005,47,20.6073
1962,6435,47,20.2394
1963,14571,47,19.8322
1964,51664,47,19.2603
1965,84543,47,18.2115
1966,56757,47,15.8128
1967,20414,47,11.2568
1968,18652,47,10.5296
1969,34964,47,10.0553
1970,99042,47,8.91975
1971,25329,47,8.28514
1972,98928,47,7.5602
1973,25893,47,6.03409
1974,30992,47,5.69411
1975,8332,47,5.49161
1976,99418,47,4.68525
1977,57070,47,4.2862
1978,67757,47,1.8981
1979,39703,47,1
1980,32874,47,1
1981,45109,47,1
1982,48565,47,1
1983,28091,47,1
1984,53972,47,1
1985,62856,47,1
1986,21682,47,1
1987,67558,47,1
1988,37692,47,1
1989,74831,47,1
1990,16968,47,1
1991,16790,47,1
1992,82979,47,1
1993,84990,47,1
1994,10449,47,1
1995,87621,47,1
1996,88947,47,1
1997,36825,47,1
1998,99570,48,50
1999,58271,48,48.8568
2000,43751,48,45.7622
2001,52553,48,44.1062
2002,31322,48,43.2604
2003,25226,48,37.4274
2004,35451,48,36.6516
2005,34200,48,35.3489
2006,13907,48,34.9025
2007,17889,48,34.0627
2008,27585,48,24.774
2009,43091,48,21.0862
2010,5813,48,18.2933
2011,83765,48,18.0972
2012,60449,48,15.4872
2013,9846,48,14.4289
2014,22809,48,13.9217
2015,60740,48,13.5479
2016,41986,48,13.3396
2017,42369,48,12.5706
2018,77822,48,11.0035
2019,95892,48,10.662
2020,48882,48,9.26894
2021,87663,48,9.26581
2022,30493,48,2.18772
2023,32108,48,1
2024,3759,48,1
2025,22898,48,1
2026,88857,48,1
2027,12316,48,1
2028,53852,48,1
2029,52036,48,1
2030,45762,48,1
2031,67492,48,1
2032,68964,48,1
2033,39695,48,1
2034,39556,48,1
2035,37961,48,1
2036,69289,48,1
2037,72156,48,1
2038,32436,48,1
2039,98262,48,1
2040,53988,48,1
