GiftID,Latitude,Longitude,Weight,TripID
3416,13.1477,10.8351,24.9304,1
4002,11.4652,11.1675,36.4073,1
5303,13.37,10.723,1,1
5322,13.604,10.7614,12.5253,1
6586,12.8757,9.87426,1,1
8429,12.9666,10.583,17.8985,1
8563,12.6348,11.2964,1,1
14752,13.4926,10.1604,1.25036,1
16969,13.5643,9.5549,1,1
18009,11.3812,10.9438,2.07305,1
18716,12.4896,9.48544,46.1088,1
21640,11.9038,10.9432,23.8354,1
21669,12.4059,9.73408,17.3452,1
23086,12.7616,11.9358,15.9302,1
24279,12.8172,11.5078,23.9392,1
25888,12.8274,11.1592,25.4913,1
26714,12.3977,11.2749,1,1
27555,12.4859,9.39825,11.7742,1
28846,12.8252,9.54351,26.8708,1
29795,12.0277,9.96871,28.547,1
29881,11.6794,10.64,9.01477,1
31283,13.7144,9.89191,1,1
34139,12.8358,11.7018,1,1
34193,11.9609,10.0589,1,1
35269,13.037,12.2402,1,1
38258,12.6348,9.8918,1,1
43016,12.8719,12.5408,1,1
53417,12.3749,11.7673,14.5127,1
57754,13.6237,10.1077,1,1
60291,11.6909,10.413,21.2298,1
61059,12.4968,10.4616,1,1
61452,13.186,10.5502,1,1
61938,13.1772,10.3291,19.0572,1
62078,12.0673,10.7178,1,1
63063,13.2671,12.3606,1,1
63520,12.6885,11.6347,42.6783,1
63672,13.46,12.5338,1,1
65211,13.1361,9.58859,39.0095,1
65511,13.0502,12.5079,34.7219,1
70214,12.5105,9.91671,1,1
72458,12.6058,11.3794,1,1
77487,12.2332,10.6444,1,1
79023,12.6685,10.9739,25.3901,1
80927,13.2954,10.3533,9.39924,1
83062,12.6416,11.3028,1,1
83609,13.7041,9.69156,33.3721,1
84658,13.7462,11.0931,50,1
88430,12.9985,9.79828,1,1
91116,12.4382,9.86924,24.8617,1
93040,12.8821,11.9278,1,1
1826,10.0008,16.4002,1.16211,2
2487,11.5264,16.6707,32.2167,2
3764,10.9455,17.1035,2.8013,2
4083,10.2137,16.3509,31.4001,2
9028,10.6776,15.1169,1,2
11956,10.392,17.3592,8.10992,2
18387,10.6278,16.2173,12.9722,2
19726,10.9364,16.3078,1,2
23167,10.0018,16.9309,13.63,2
29176,10.1214,17.4208,13.5045,2
34378,9.90159,16.1008,1,2
36081,10.473,16.1274,7.63357,2
39526,11.5026,16.7347,1,2
46796,12.0851,16.363,50,2
49543,11.0129,15.2052,25.0897,2
51171,10.2485,16.4216,1,2
55473,12.4468,16.2993,3.08576,2
55596,10.6447,16.3467,15.4606,2
55942,10.2177,15.5179,21.4902,2
56081,9.81918,16.5881,1,2
60680,11.0941,17.1291,1,2
61380,11.7308,16.0727,1,2
63313,10.4623,16.0949,19.9539,2
64948,12.6588,16.3599,4.55057,2
66157,11.8966,16.5138,23.1682,2
70934,11.6768,15.8568,1,2
74112,10.6951,15.224,15.0301,2
76699,10.1839,16.2953,1,2
78643,10.8076,17.1484,12.4903,2
83465,10.5705,15.2012,1,2
83532,11.4433,16.3389,8.7036,2
83700,12.861,16.4055,16.8574,2
84200,10.7811,15.5756,5.50166,2
85693,11.2608,17.0331,12.1472,2
88505,10.5116,15.5547,28.5035,2
89841,10.0884,17.4074,27.401,2
92998,10.4609,16.8769,13.0915,2
93226,11.2484,15.7574,1,2
93553,11.773,15.9678,14.476,2
93807,11.4154,17.0915,19.7748,2
94155,10.4155,17.4903,10.3286,2
95733,10.9877,15.2649,1,2
98150,10.0111,17.0887,8.41514,2
3733,9.51101,7.63676,3.05994,3
4787,11.2245,7.50976,18.294,3
6579,9.55698,8.51864,1,3
10215,10.9824,7.38234,1,3
11547,9.04393,7.6087,1,3
14523,9.71216,8.45863,18.2031,3
15806,9.91374,8.03933,1,3
19710,11.5815,6.8182,39.1728,3
21876,11.5061,7.39926,16.8404,3
22049,10.7064,6.30392,4.23927,3
25048,10.1153,6.98078,23.7775,3
25838,11.0841,7.1654,14.4508,3
26415,10.2934,7.86938,10.6277,3
28513,9.03152,7.63806,10.4453,3
28597,10.4871,6.80041,1,3
32660,11.4726,7.06043,28.8656,3
33029,9.84281,7.87199,1,3
35010,10.4964,8.44576,25.0317,3
39472,9.1482,7.95309,43.527,3
44046,11.0912,6.66062,26.5374,3
46364,10.9444,6.63532,1,3
50228,10.2422,8.33172,39.0887,3
51140,9.71173,7.98546,14.9324,3
53081,10.4484,7.66772,18.1414,3
53159,11.4285,8.3828,13.2381,3
55132,9.44627,7.9306,1,3
55183,11.3578,6.38271,1,3
56546,10.0585,8.54754,1,3
60138,10.6298,7.94839,1,3
64988,10.2488,6.6386,1,3
66004,9.16919,7.369,1,3
66574,11.1002,8.06808,1,3
68349,9.90533,6.84773,1,3
72555,10.6988,7.91663,12.7603,3
74698,9.4726,8.16964,7.36269,3
78527,10.9826,8.04735,24.5292,3
80510,10.0045,7.43767,42.9137,3
86712,10.8099,8.28823,1,3
87115,11.5119,7.82897,5.08154,3
92087,11.4382,7.4039,14.77,3
93241,11.4544,7.76683,1.2526,3
94929,10.7527,6.26841,1,3
95410,11.2929,6.64164,50,3
99532,10.4806,7.60161,17.5294,3
4489,12.933,14.1957,25.3975,4
5021,12.6156,15.3155,1,4
5866,12.6103,15.2415,31.6596,4
6298,12.2727,13.3818,1,4
6927,12.0084,12.9228,1,4
7815,11.8745,15.4756,27.9051,4
8367,13.1658,14.7267,29.5126,4
9410,13.3462,13.1363,43.8656,4
11430,13.3738,14.0057,9.45228,4
13259,11.468,14.3294,11.1247,4
18369,11.5095,14.5578,1,4
18686,11.9422,15.4158,22.6283,4
19010,12.7149,15.1766,1,4
21102,11.7806,13.9121,17.5175,4
24232,12.1702,12.8581,1,4
24492,11.1078,14.5009,2.08622,4
25340,11.8755,13.5811,1,4
25907,12.376,15.0223,31.8654,4
27755,12.0483,15.4813,3.28063,4
31587,11.616,13.9372,44.5142,4
33810,13.2978,13.6756,1,4
35173,12.4666,14.8186,1,4
35258,12.5804,15.6581,3.47089,4
35910,12.5838,15.3489,15.7115,4
35971,11.3178,13.9575,1,4
38116,12.4643,13.0262,20.3082,4
41144,11.8667,15.0781,1,4
42061,12.9707,15.2122,1,4
45351,12.3096,13.7289,8.75869,4
45795,11.6441,15.4206,25.1,4
46158,11.9041,14.6514,1.48335,4
46824,12.2112,14.3364,1,4
47775,12.8489,15.8151,16.8035,4
51495,11.7012,14.8268,1,4
52035,12.8252,15.2153,1,4
52536,12.732,14.4989,1.69213,4
55503,11.4777,14.7685,13.0582,4
58286,12.6147,14.2133,1,4
60346,12.1005,13.7629,10.8596,4
63496,12.8312,15.491,6.18062,4
64875,11.8576,15.0495,1,4
67365,12.8323,15.3354,10.2506,4
67646,13.0328,15.7997,2.17617,4
70224,12.3951,13.0675,1,4
72202,11.8187,12.8506,14.15,4
72287,12.5894,14.6258,10.5233,4
73134,12.3245,14.4907,13.1986,4
74190,12.7648,13.1386,1,4
74286,11.5452,14.1271,23.5472,4
75107,11.1889,14.73,27.4266,4
76041,12.7857,14.3745,9.68358,4
78878,12.4934,13.8669,25.4116,4
79645,11.66,13.686,18.0883,4
79707,12.889,12.8766,5.55698,4
80356,11.3332,14.783,9.38255,4
83563,12.0181,15.2275,12.8037,4
83864,11.7121,14.6317,1.92584,4
88383,11.4035,14.6344,8.36201,4
97843,13.144,14.5413,1,4
98332,13.0887,15.5536,23.2177,4
99160,12.4514,15.034,1,4
2951,2.68679,12.9885,23.1891,5
6744,4.6928,14.1896,48.3147,5
8695,3.78689,13.831,1,5
9347,4.64303,14.8585,1,5
11614,5.38688,14.244,12.7212,5
12417,3.34994,14.1097,1,5
13075,4.11718,13.049,19.5781,5
21868,4.12475,14.1619,1,5
22904,3.75519,14.6054,11.4574,5
25420,3.41053,13.4636,1.09106,5
27427,3.60871,12.6842,24.4594,5
33215,4.18336,14.552,26.8035,5
34031,4.60277,12.8451,30.6259,5
34795,4.10182,13.3928,1,5
37943,4.29286,13.1368,16.2498,5
38895,4.91187,13.5312,46.1462,5
39248,4.36947,14.2808,10.5428,5
39370,5.30231,14.7129,2.21872,5
39751,4.87301,13.8193,1,5
42280,5.4626,13.6901,1,5
42454,5.41768,13.5132,1,5
44098,3.3883,12.6392,22.7854,5
44981,4.38479,15.073,1,5
50859,5.27475,14.1124,18.5101,5
51391,4.13041,12.9914,1,5
52612,4.76056,14.3759,15.7373,5
53959,4.87083,14.1355,12.0878,5
54173,2.97955,13.1152,1,5
54480,3.13655,13.2047,1,5
55551,4.20241,15.5934,24.2618,5
55607,3.81543,14.6376,33.5948,5
56153,4.273,14.6233,12.1748,5
56692,4.82714,14.8455,1,5
56737,3.51836,14.6333,19.2198,5
60551,3.39181,14.3216,23.042,5
63772,2.95742,12.7304,1,5
71884,3.68223,14.7359,1,5
74018,3.91542,13.5969,15.6469,5
76180,3.8317,15.0395,1,5
78188,3.74906,12.5014,1,5
79326,5.74762,14.5293,7.92449,5
84344,5.15457,14.8187,5.55112,5
84918,3.28185,14.3307,23.9948,5
86227,5.61169,14.3449,1,5
89290,2.84458,12.8114,5.20381,5
90094,3.82195,13.6719,26.5963,5
92903,3.74343,13.3666,8.34784,5
93090,3.53761,14.6809,4.03737,5
97776,4.75114,13.7326,32.9795,5
1977,4.00223,9.97607,1,6
2114,3.92637,11.7036,21.6655,6
2771,2.66485,12.1197,1,6
3564,4.44259,10.7457,12.1512,6
5669,3.99119,10.5121,5.12926,6
8643,4.32219,10.5298,26.4613,6
14471,3.42004,10.1858,6.1744,6
15195,3.82712,11.3037,38.7917,6
15742,4.36545,10.4339,1,6
16096,2.76685,10.3182,1,6
16454,3.05399,10.9983,6.58081,6
21777,3.94533,10.4692,1,6
22509,2.94337,10.8589,18.1161,6
23672,2.09572,10.7707,20.3867,6
24291,3.08243,10.5276,8.84394,6
25366,1.83141,10.2887,32.3015,6
29958,3.08381,12.5394,15.7337,6
30842,2.11203,10.3334,15.4937,6
32443,3.27378,12.4954,1,6
34730,2.91371,10.2937,1.49782,6
34811,1.34915,9.48519,1,6
38406,3.38536,11.168,1,6
39647,1.5423,10.8639,1,6
41046,2.28209,10.0552,1,6
41270,3.83433,10.802,12.7948,6
41756,3.61416,11.3089,34.5971,6
41872,3.23371,12.4023,3.1915,6
42214,2.00198,11.675,22.5817,6
42423,2.681,10.9907,11.0123,6
42893,3.12847,11.8066,1,6
43624,1.38989,9.49681,10.257,6
51097,2.42093,10.5914,1,6
53661,3.42727,11.378,3.61799,6
55600,2.54745,11.524,7.10575,6
55896,4.06157,10.5309,13.5633,6
56214,3.22508,11.7939,15.191,6
56310,4.08562,10.1611,2.42769,6
58249,3.17717,10.0796,45.0375,6
59633,3.71946,10.3939,1,6
60014,4.30698,10.9308,12.7171,6
67676,1.36339,10.0994,4.04508,6
71569,2.29216,9.82832,1,6
71630,1.20543,9.52344,1,6
74394,2.40102,10.7004,1,6
75214,1.97027,11.583,1,6
76228,2.77973,12.5913,13.6083,6
76642,3.72451,11.7568,12.5373,6
76895,2.25304,11.1261,15.8745,6
79440,3.55953,10.544,1,6
81396,2.05777,10.1007,11.2799,6
82097,3.87522,9.73184,19.1328,6
82115,2.64149,11.2401,1,6
82356,2.12321,10.1452,29.3147,6
82861,3.40369,11.656,44.4642,6
83281,3.2654,10.8478,25.1766,6
84668,2.88594,12.1423,12.415,6
85047,3.609,11.0094,20.811,6
86312,2.57157,10.8265,13.3087,6
90195,4.09182,9.77259,27.031,6
90475,3.74831,11.3689,34.9891,6
90934,2.18831,10.5201,9.44211,6
91965,2.9674,11.9889,21.2268,6
92347,2.17889,11.755,7.56141,6
95483,3.77089,10.374,1,6
95614,2.9124,12.1905,7.73527,6
96187,3.96963,11.6957,43.8974,6
96457,2.23553,11.7737,1,6
97069,1.01065,9.70028,15.7089,6
97492,3.64379,11.0541,39.4668,6
98021,1.38924,9.86693,6.85291,6
4643,8.56282,11.6996,20.6589,7
7675,8.09309,10.7314,8.12002,7
8682,8.51227,10.816,32.2265,7
10454,8.87258,12.1798,33.1314,7
11674,7.9902,12.6502,35.956,7
12825,7.97547,10.6781,11.9926,7
14997,7.59977,12.6263,1,7
15719,7.24976,11.504,6.1392,7
15797,8.81472,12.2211,1,7
16161,8.0364,11.9501,2.40997,7
16433,7.32926,11.6309,9.13515,7
16712,7.02101,12.0718,1,7
17815,8.24686,12.1597,16.4333,7
20742,8.33699,12.9006,35.341,7
21825,6.94061,11.5427,4.89605,7
23499,7.50194,11.8189,1,7
25344,7.23364,12.5674,24.9813,7
25485,7.84763,12.3178,8.11299,7
25578,7.59962,12.0896,37.7361,7
32550,8.27686,10.9513,8.47778,7
33887,7.468,12.8514,7.15278,7
38328,8.8716,12.2919,1,7
38680,7.81083,12.5725,1,7
39649,8.68806,10.7581,27.4337,7
39961,8.21153,12.3332,37.2786,7
40539,6.92976,12.7093,33.7703,7
42513,8.42505,12.4348,33.2167,7
46747,7.11033,12.2175,31.9644,7
47221,6.9226,10.4607,2.18369,7
47768,7.99512,12.7008,9.62953,7
50032,7.06986,10.9913,37.849,7
57595,8.74266,12.262,15.028,7
58644,8.44034,12.1315,12.849,7
59486,7.38081,10.4468,22.8103,7
65906,7.04603,11.1109,24.8148,7
66941,7.53513,12.9044,9.60274,7
72630,7.8211,12.2486,1,7
77877,8.16769,11.949,1,7
79914,7.63166,11.9534,21.6842,7
83076,7.17562,11.1154,1.27837,7
84290,7.47276,12.4712,22.0365,7
84901,7.80338,10.7683,1,7
85864,6.92883,12.6623,25.424,7
86259,8.04334,10.9019,1,7
86262,6.86071,11.8275,1,7
86806,7.84043,10.5523,4.12123,7
93902,6.80804,11.9782,1,7
94875,6.89294,11.016,50,7
98210,7.80753,10.6614,42.2174,7
98460,6.70098,10.8656,11.6962,7
1537,12.7443,8.19524,1,8
2580,12.6838,8.8273,17.4359,8
4922,12.0982,7.34501,38.4484,8
7265,12.551,9.26212,9.24514,8
9437,12.9241,7.9689,25.4402,8
9695,13.6828,9.33661,3.08624,8
14720,12.3226,7.66304,40.3062,8
15122,13.4356,8.96483,1,8
15781,13.4923,7.78957,8.66745,8
16396,13.5947,8.0999,1.19848,8
20512,12.1759,7.11877,20.1355,8
24397,12.2076,7.67741,1,8
30945,12.6786,7.22571,12.1188,8
33701,14.0498,7.97598,40.1708,8
34293,12.2642,7.74226,12.3832,8
40604,14.5901,7.68855,1,8
42882,12.6986,8.86886,39.6816,8
43486,13.2229,8.16115,34.228,8
45075,12.312,6.89185,11.2738,8
45314,13.8295,7.45142,49.9756,8
46074,13.3416,8.31801,22.3614,8
46354,12.9679,8.04457,14.0933,8
46812,12.9437,7.51984,1,8
47813,12.166,7.39504,16.2174,8
48100,12.4582,8.66574,4.63472,8
48441,12.8792,7.95476,2.09869,8
48874,12.2445,9.16199,19.8771,8
48924,11.9868,7.94742,1.56662,8
49855,14.0034,7.48466,10.4277,8
52993,12.797,8.28365,50,8
54145,14.3571,7.58848,12.3195,8
55067,12.8597,7.25886,10.9077,8
63065,12.7109,6.91974,18.1353,8
63596,12.8809,8.16032,39.4668,8
63912,12.4723,8.05627,1,8
69401,14.1523,7.87664,13.6238,8
70417,12.3335,9.01265,35.7462,8
70433,12.3945,8.81821,1,8
73444,12.9585,7.48112,1,8
77285,12.2128,7.89855,28.4235,8
78852,13.8903,7.81477,8.94931,8
89433,12.1687,8.84529,1,8
94009,12.0174,6.56686,1,8
95583,12.452,7.70833,1,8
98352,11.7118,7.92718,4.8307,8
923,8.11581,5.01083,1,9
4340,7.46779,5.4517,1,9
7220,7.20897,5.2241,1,9
7885,8.5488,6.04347,17.6442,9
8640,8.43963,7.11883,42.4878,9
9283,7.19183,5.45742,1.09092,9
10773,7.07526,5.53397,1,9
12030,8.30348,6.34165,14.5425,9
25092,8.78918,6.88511,1,9
26988,7.54824,5.22483,1,9
30492,7.95856,6.92891,1,9
31193,9.47035,6.217,1,9
31318,8.09806,5.35596,8.51226,9
31971,7.30056,6.0985,1,9
33264,6.87648,7.6364,1,9
33733,7.69584,6.03179,1,9
36001,7.11832,6.51294,1,9
36813,8.34232,5.19082,8.12963,9
36836,8.71084,5.65593,1,9
37164,8.35132,6.05708,31.2346,9
38091,8.51322,5.23456,42.3711,9
39059,8.34333,5.99762,2.98903,9
40024,8.95872,6.91143,18.9977,9
43637,8.89328,7.37886,1,9
48405,7.0287,7.13171,9.05559,9
51743,9.17069,5.42811,29.0834,9
51902,8.15622,7.39718,9.22555,9
52168,7.39735,5.99619,11.3586,9
53058,6.89978,7.57507,32.7747,9
53554,8.10957,4.95392,2.87452,9
53628,6.97843,6.14879,1,9
54478,7.32757,6.22128,25.7652,9
55318,7.03925,7.65003,32.7195,9
55650,7.33429,6.81766,4.92659,9
58027,9.16349,6.48225,19.6448,9
59242,7.27347,6.65288,6.89852,9
59727,9.00199,5.32297,11.4516,9
60228,7.04003,5.60147,1,9
63724,8.30046,6.06914,1,9
64222,7.36994,7.56059,17.5491,9
69689,7.93118,7.11379,22.4066,9
69694,7.69675,6.77242,8.99962,9
71364,7.98976,5.78643,29.3941,9
72956,8.94928,7.3193,5.73597,9
73376,7.33221,6.38422,1,9
75495,8.05691,6.09821,6.53747,9
76384,9.08105,6.75156,28.4628,9
77136,7.98967,6.9287,32.9366,9
81449,8.81668,7.14697,14.1149,9
81748,8.15414,6.3484,1,9
82755,9.11257,6.48798,1,9
90009,9.05104,6.80665,21.8984,9
90361,8.59808,7.50728,26.5101,9
90496,7.53845,5.50653,20.2865,9
90639,8.63395,6.89156,1,9
90980,7.58203,7.56638,25.6764,9
91650,8.89561,6.55993,48.2667,9
91651,8.79722,6.02968,19.0951,9
93466,8.41107,7.1965,7.19638,9
96824,7.95798,5.86765,1,9
96975,8.17726,5.55723,1,9
98953,8.89127,7.65176,27.396,9
651,10.893,11.2964,1,10
3474,9.43178,12.124,1,10
6184,10.4242,10.759,25.1898,10
7635,11.0979,11.0413,1,10
8995,9.11659,10.5293,1,10
9419,9.06047,10.5335,1,10
12786,9.26691,10.5138,16.1935,10
15251,9.75664,11.7967,1,10
15559,10.7601,12.0142,1,10
16313,9.244,11.9689,2.39355,10
20408,9.14397,12.0747,1,10
21527,10.3491,11.0335,20.7126,10
26793,9.40549,12.5845,27.2893,10
36671,9.00862,11.1677,1,10
37950,9.78149,12.3356,25.8199,10
38963,11.0572,12.5248,1,10
43531,10.0159,10.795,49.9281,10
49800,9.53821,11.3764,3.51448,10
51288,10.0261,11.6241,8.38888,10
55575,9.1711,11.1507,14.8346,10
55769,9.48566,12.1342,12.6682,10
64919,11.2513,12.2882,12.8249,10
66306,11.5476,11.9655,29.5642,10
68215,9.32222,10.5533,12.106,10
69016,11.0258,12.0317,25.4404,10
72348,9.6689,10.6568,37.2762,10
76058,9.23118,11.3578,1,10
76848,9.23151,11.6395,8.01688,10
78874,11.442,11.7396,1,10
83167,10.2473,11.2209,1.02664,10
88657,10.3476,11.4113,13.3861,10
92817,10.4492,11.6322,3.07796,10
93323,10.0686,11.0444,1,10
94262,11.5929,12.3011,7.14245,10
95854,10.6871,12.1617,17.6069,10
98572,9.92244,11.9437,39.6815,10
99275,10.7537,11.2583,23.9075,10
5275,11.5402,9.02372,12.9546,11
8050,10.7999,10.1427,50,11
9236,11.0637,8.72264,28.483,11
9824,11.0172,10.1531,14.1154,11
13367,11.3854,8.63329,1,11
13999,10.7105,10.0799,7.9404,11
21177,10.2533,9.5924,12.8389,11
31179,10.6096,10.1862,22.4848,11
31444,11.192,8.78073,19.2792,11
35773,10.5746,10.1235,10.3559,11
37228,10.7103,9.73571,45.1076,11
38390,10.8545,8.72208,10.673,11
47900,11.7205,9.91093,1,11
55066,11.6318,10.1324,1,11
55439,10.3977,8.67831,12.5663,11
59085,10.1296,8.9783,10.3238,11
63606,10.5095,9.57146,1,11
64802,10.7926,9.03535,31.6462,11
66184,10.0695,9.92888,1,11
66945,10.1686,10.2144,9.6396,11
71143,10.0938,8.67803,27.7368,11
72771,10.0364,9.61358,49.576,11
74925,10.8784,10.1454,5.46373,11
76533,9.68751,9.29434,7.15123,11
78370,10.0757,10.3512,30.9491,11
80972,11.0568,10.5688,15.406,11
86576,11.5884,9.19398,1,11
90064,10.5298,10.3082,17.523,11
90677,10.2697,8.91487,1.46769,11
95770,11.413,8.7161,1,11
407,5.99115,13.2557,16.0965,12
971,4.79203,11.6831,17.9996,12
2379,5.21256,11.6595,27.5342,12
6897,4.33756,12.2283,1,12
12530,6.3443,10.6446,50,12
17284,5.9132,10.9852,22.2893,12
19610,6.18554,11.5463,1,12
20592,5.79349,11.1397,50,12
24033,4.70917,10.9059,17.8465,12
24416,6.10753,12.003,37.3875,12
24494,5.61222,12.8648,6.35283,12
29217,6.34617,12.6236,14.557,12
30215,5.78271,13.4048,1,12
31471,5.52416,13.0862,1,12
31840,5.0947,10.5297,6.63297,12
33945,4.18327,12.3023,1,12
35203,6.16835,10.9979,23.5937,12
35782,6.26341,12.9753,29.2885,12
36549,5.83815,11.9655,1,12
38717,4.55472,12.2593,18.575,12
44886,5.70745,12.4045,17.6022,12
46936,4.81464,11.9184,39.6428,12
49827,6.25275,11.0036,20.2947,12
50112,6.09684,12.7351,1,12
52342,5.73382,13.4697,14.4772,12
52581,4.79951,11.6295,11.1985,12
52811,5.68915,12.5487,1,12
52927,4.83338,12.8286,1,12
57138,4.49191,11.1882,13.1186,12
58981,5.38393,12.5301,1,12
60598,5.67045,13.202,7.74438,12
61884,4.64708,11.9134,14.5102,12
62053,4.46204,12.6914,1,12
63425,5.29012,11.9617,1,12
63755,5.15779,11.0291,50,12
66203,4.6704,10.6343,36.2367,12
66294,6.42059,11.1003,20.8078,12
67090,5.20938,11.2493,29.9345,12
70352,5.00647,11.3215,39.8846,12
71980,4.56765,11.5765,1,12
72430,5.27187,11.2996,1,12
76025,6.47109,10.7887,39.5532,12
76672,6.05782,13.2722,1.5201,12
80050,5.71355,11.4342,30.917,12
80157,5.83963,12.5813,12.8178,12
82620,6.15248,13.216,1,12
83892,4.00574,12.0263,1,12
88513,6.07944,11.7941,32.8349,12
90771,4.26705,11.572,1,12
91145,5.45048,11.0317,19.7251,12
1209,7.73253,17.4657,19.8798,13
4765,8.30917,17.3688,1,13
5986,9.59635,16.9498,1,13
16248,9.63525,17.4624,13.2885,13
17027,8.6552,15.1653,31.5522,13
20210,7.75252,16.4018,28.5979,13
21717,9.2586,15.7091,1,13
21985,8.81993,15.6455,14.9441,13
23620,9.14952,16.8361,21.4135,13
23908,7.66727,16.7341,47.6563,13
30780,8.08595,15.7006,1,13
36408,9.49504,16.6893,1,13
37090,9.35569,16.028,3.05672,13
37869,9.70273,15.8868,20.3633,13
38974,8.56025,15.4206,6.40674,13
39121,9.51438,16.4452,10.096,13
41782,8.5178,16.6965,21.6685,13
43841,9.02523,16.8559,7.58067,13
45785,8.09596,15.6426,27.1691,13
51079,9.05812,15.0821,48.2909,13
52791,8.0653,16.6612,22.5909,13
53823,9.40044,15.6913,15.392,13
59694,9.52311,15.5036,1.62216,13
62838,8.79152,15.9735,5.4502,13
64946,8.05161,17.2878,22.4171,13
65697,8.24454,17.2727,1,13
69453,8.35005,15.2709,13.4736,13
72086,8.38067,16.0462,1,13
72284,7.4572,16.2155,1,13
76494,8.96633,17.0538,7.07226,13
76515,9.45128,15.3382,16.0498,13
78601,8.05124,17.3618,1,13
80802,8.07368,15.2991,19.6054,13
81857,8.27578,15.6926,1,13
84083,8.16911,16.0849,11.6935,13
87641,8.4989,15.0826,1,13
88518,9.12672,17.582,13.6446,13
90721,9.26177,15.4259,37.0839,13
91937,9.13349,16.3921,16.3522,13
93576,8.22461,17.1383,14.5101,13
96184,9.07721,15.0235,33.8985,13
98517,9.64616,15.3705,1,13
693,5.43552,15.916,3.57371,14
1118,6.9284,16.3924,1,14
1952,6.5357,16.8737,1,14
2590,6.2432,16.1008,28.4729,14
3670,6.52935,16.6789,1,14
5620,4.66418,16.1651,1,14
7458,6.71446,16.0743,20.147,14
8060,5.64083,14.9728,1,14
8301,6.03575,15.7114,23.0942,14
8785,6.80065,16.0866,1.50902,14
10288,6.63515,17.7513,33.6679,14
10722,7.06457,16.8727,19.707,14
11094,5.72781,16.4865,1,14
11538,5.5506,16.4017,28.1233,14
12438,6.52427,16.5597,16.2849,14
14826,6.95873,16.0351,17.73,14
14953,4.82474,15.8274,1,14
17733,6.21506,15.4259,1,14
21800,5.98143,16.4784,27.1854,14
22749,4.81888,15.308,10.4682,14
24144,5.15117,15.794,20.5497,14
25922,5.46024,17.3454,1,14
26104,6.12833,16.2802,30.5314,14
33884,6.02871,15.8695,28.5571,14
34169,7.28814,16.9279,2.43486,14
34757,4.84353,16.207,36.2668,14
35758,5.44074,16.3346,15.1702,14
35920,6.53403,17.1036,22.9734,14
41673,6.45805,15.7038,10.1317,14
42206,5.81136,17.1461,23.3799,14
42397,7.17085,16.096,25.7535,14
42728,5.04326,15.6711,1.41236,14
45561,5.79736,15.2861,45.3413,14
47929,4.37081,16.5274,33.9127,14
49992,6.63772,16.9293,17.6145,14
50200,5.55282,17.6806,1,14
51501,5.9467,16.5235,1,14
56364,5.15727,15.2427,1,14
59519,5.32903,15.2758,1,14
61686,6.95522,16.1574,6.8244,14
61913,5.51021,15.6302,1,14
62860,5.65925,15.8462,5.49537,14
67086,5.96819,15.3608,15.9728,14
68361,6.44113,15.2693,3.68865,14
78846,5.10168,16.353,1,14
79370,5.3605,17.4996,1,14
81014,5.74958,17.5313,25.1364,14
83774,5.50329,16.837,16.0046,14
84841,5.23824,16.9279,4.94884,14
85032,5.67579,15.9996,11.8669,14
87441,5.33457,16.7636,21.0683,14
87552,5.37576,15.6138,4.19198,14
90225,6.38194,16.9407,1,14
90806,5.03314,15.2489,8.04686,14
91340,5.92824,16.7963,1.64098,14
92003,7.31095,16.0889,24.179,14
93836,6.07254,15.504,1,14
94758,6.74129,16.666,19.2237,14
95102,7.0243,15.4576,1,14
99198,6.37977,16.0393,8.18615,14
6701,8.59468,9.6118,28.453,15
7118,8.33917,9.66677,19.3773,15
8932,7.54302,8.83359,18.8204,15
10512,9.26929,8.99806,18.7465,15
11894,8.53078,7.83777,1,15
13161,8.32404,7.74506,1,15
13167,7.96964,8.31486,2.00783,15
13226,7.06482,10.1483,50,15
14822,7.1822,8.83158,40.8139,15
15062,9.09621,9.4937,8.48317,15
15514,9.18292,9.98932,10.5862,15
17001,8.38461,8.54921,25.5203,15
19763,8.04736,8.52947,2.44551,15
20098,7.12192,9.11195,1,15
27226,7.96374,8.23467,20.6623,15
27338,8.79565,10.0987,50,15
28783,7.66562,8.59891,1,15
29388,7.07202,8.42993,1,15
32142,8.929,9.71259,18.5687,15
33348,8.81773,8.98401,13.9513,15
33667,7.54541,8.95048,5.75085,15
34270,8.46756,9.78457,3.10946,15
35572,7.1167,8.62475,24.711,15
37267,7.98931,9.82159,31.3425,15
37569,7.74462,10.0105,1,15
40793,8.57739,10.0204,21.5232,15
40863,8.7035,8.08186,27.964,15
41587,8.052,8.89566,10.9417,15
41886,7.67444,9.41168,1,15
42379,8.61881,8.55483,1,15
45893,7.16187,8.55392,1,15
48465,8.60225,9.76083,28.6299,15
49437,7.06491,8.54923,1,15
49605,8.54808,10.4046,12.3613,15
50794,7.17809,10.3105,19.8289,15
51257,8.10861,8.57058,11.7576,15
53188,8.35608,7.84247,7.80099,15
54391,7.82962,9.65433,8.88698,15
59063,9.15399,9.57409,6.24166,15
59328,8.14965,8.15431,3.23971,15
61426,7.79718,7.92656,9.63414,15
61943,9.15609,9.22759,1.95805,15
62263,8.94627,8.53049,21.5058,15
63676,8.85707,8.2402,21.6445,15
67998,7.79072,9.95319,1,15
68725,6.97278,10.1061,22.1552,15
69690,8.97813,9.99518,27.5281,15
71084,8.57605,10.1148,39.3829,15
72978,9.36273,8.82342,1,15
73469,8.80197,9.58512,1.09499,15
74774,7.69425,8.5098,12.0088,15
74921,8.90245,10.3935,1,15
80315,6.95048,9.27737,1,15
81009,7.29105,7.87716,24.1702,15
82041,8.36208,8.71399,14.8878,15
85759,7.33264,9.32688,18.7932,15
86882,7.0472,8.20456,18.1195,15
87604,7.81576,9.06298,1.03294,15
88945,7.83685,8.61141,36.5719,15
98455,8.70008,9.97053,27.9898,15
2460,6.52169,7.28362,36.6943,16
2756,6.13699,7.38321,1,16
2825,4.86834,6.29276,1,16
5495,6.36613,7.45395,1,16
7538,6.82747,4.7872,14.0759,16
7985,6.01983,7.07439,13.9388,16
8076,6.18631,7.21837,15.2346,16
8124,6.45188,5.81505,9.74889,16
9338,6.07522,4.86467,1,16
11052,5.06702,5.71934,39.6661,16
11908,6.55899,5.67791,29.2865,16
14483,5.70433,6.69834,2.44372,16
16404,5.83411,5.18483,1,16
20039,5.68898,5.68659,23.6063,16
20308,6.49375,5.1151,36.224,16
20983,5.16995,7.01762,9.55761,16
24733,5.94637,5.02148,1,16
26066,6.50522,4.61411,5.2729,16
27723,4.752,6.01837,1,16
29247,5.66625,5.16431,1,16
30143,5.16566,6.03724,50,16
33688,6.57275,7.18873,23.7608,16
38816,5.57133,7.07386,1,16
44178,5.26678,6.86514,1,16
49414,4.58319,7.46639,1,16
49435,5.95892,5.37455,50,16
51348,6.07331,4.93715,1,16
51520,5.57664,5.27827,6.59622,16
57399,5.37902,6.1673,1,16
59857,4.49168,7.28778,1,16
63858,4.8304,6.35505,1,16
65067,6.57367,5.66175,16.2984,16
66494,4.907,7.20221,19.3307,16
70181,6.34695,6.45049,50,16
71098,6.07587,7.1657,1,16
71353,5.58394,6.27106,13.996,16
71542,4.69677,6.43546,1,16
72392,4.68934,6.85152,15.2614,16
77803,6.18556,5.84446,1,16
78996,4.78409,5.89252,8.4141,16
80159,4.72971,5.99628,1,16
86335,6.78087,5.64245,13.1112,16
88368,5.91933,6.42057,4.15756,16
89994,5.81926,5.34986,10.1758,16
93279,6.39698,4.56134,1,16
94533,5.01745,5.7342,4.27236,16
95488,6.7657,4.67727,33.2011,16
98907,4.99174,7.00345,1,16
691,9.38478,12.6653,1,17
1829,9.32557,14.6272,1,17
2954,10.1246,14.4961,1,17
3968,9.02561,14.4454,25.5221,17
4497,9.20588,12.8064,20.3425,17
6320,8.84736,13.5939,22.1755,17
7018,10.1039,13.2573,19.3432,17
11649,9.15607,12.992,20.1044,17
12583,9.35698,14.3507,25.5369,17
13102,8.78484,14.0135,1,17
13121,10,13.1106,3.66209,17
13520,9.03914,13.2472,1,17
13802,9.54303,13.9156,7.78354,17
14494,8.83729,13.5789,1,17
21815,10.3491,14.9825,15.9519,17
22044,10.6602,13.8022,1,17
27118,10.3984,12.7112,22.7629,17
27569,10.6332,13.9414,13.5518,17
28850,9.51921,14.2244,1,17
29299,11.0705,13.5572,1,17
36944,9.98993,13.0555,8.33951,17
38062,9.87925,14.615,42.4258,17
43453,10.1732,13.9259,1,17
44750,10.6046,14.3161,12.0427,17
48836,9.5471,13.7843,1,17
49709,10.539,14.9818,1,17
51340,9.96636,13.6849,36.4274,17
55273,10.9465,13.6125,20.5163,17
56283,9.10176,14.727,1,17
57264,9.96709,12.8549,39.6584,17
60779,10.2667,13.7474,15.3631,17
72139,11.0375,12.8179,1,17
73119,9.82886,13.1165,24.8255,17
74248,10.5869,13.6233,4.3266,17
76226,10.7962,13.4549,15.9482,17
76572,9.25162,13.055,1,17
77190,10.116,14.3378,1,17
77467,9.97736,13.3528,13.5329,17
81721,10.0422,13.5687,50,17
83820,11.1389,13.8843,10.4798,17
86930,9.97159,14.0251,1,17
88778,10.1409,13.5171,33.9499,17
88896,10.5067,14.293,15.3647,17
89522,9.98647,14.4691,1.26484,17
89651,10.8048,13.5323,6.82086,17
92840,10.3236,14.1177,18.2866,17
96675,10.3567,13.5989,1,17
98553,9.44525,13.5741,1,17
99602,10.9601,13.6953,48.9197,17
5578,5.63126,9.26033,1,18
6210,4.84937,9.32529,15.1894,18
10250,6.41564,10.4041,21.1475,18
11216,5.84464,9.65401,6.29851,18
12913,5.4238,9.17061,1,18
12918,5.30793,9.52171,47.3367,18
13014,6.49673,8.33012,6.25237,18
15056,6.77575,7.85388,1,18
15534,5.83619,10.092,33.9787,18
18121,5.22616,8.29717,15.2601,18
20292,4.9877,10.1778,1,18
22566,6.58711,9.99436,1,18
26267,5.72343,9.05897,1,18
26352,5.11419,9.45807,18.4375,18
26554,3.46111,8.6161,1,18
27574,6.16648,9.75482,3.05287,18
28361,5.0728,8.81956,1,18
28691,4.5042,9.13308,1,18
29316,4.5549,9.18283,1,18
31295,6.43257,8.63901,16.5529,18
31475,5.60768,9.35117,35.7911,18
32280,5.16191,8.16742,1,18
32729,5.39413,10.0101,5.04199,18
32912,5.24902,9.57962,1,18
35528,6.57845,8.59799,1,18
38273,6.10218,9.8665,1,18
38689,6.76945,8.62728,19.4582,18
40488,5.12229,8.44163,30.8006,18
40883,4.97322,9.22945,27.347,18
41465,5.18512,9.91718,37.2392,18
41957,6.0807,9.78287,1,18
45993,6.37789,7.77432,26.47,18
46604,6.35493,8.03471,1,18
56662,5.25013,7.9132,46.8117,18
56746,6.53536,8.99056,1,18
57309,5.96889,9.01613,5.61178,18
57859,5.01602,9.45989,4.87793,18
58432,6.45333,8.90447,26.0388,18
60120,6.7418,8.58689,45.2977,18
62946,5.37083,9.8747,7.14807,18
64381,6.03306,9.60288,1,18
67026,5.85228,10.2268,30.7503,18
67312,5.2173,8.03051,8.8026,18
68377,6.44232,8.45277,18.4186,18
69957,5.65557,9.7039,1,18
70534,4.74714,8.72836,1,18
71251,6.20326,9.14148,43.1895,18
72245,6.88193,9.80987,1,18
74956,5.87252,7.80308,17.073,18
75173,5.72672,9.13091,1,18
81709,6.42994,9.0925,42.5584,18
82277,5.31806,9.00239,1,18
82473,5.43002,8.02259,8.38698,18
82740,4.84947,9.00206,20.1637,18
83245,6.00577,10.3814,50,18
84988,5.30024,8.7594,3.41018,18
90189,6.3738,10.1709,1,18
90597,5.47317,8.98334,24.1959,18
92339,5.80101,10.4144,1,18
95498,5.20189,9.76108,9.59349,18
96995,4.91633,9.98968,1,18
1077,7.67905,13.3315,35.5391,19
2465,8.08242,13.979,1,19
2750,7.02113,14.9403,1,19
4063,7.85781,13.6129,1,19
5132,7.73654,13.2202,1.00632,19
7695,7.04069,14.1035,1,19
9976,6.03477,14.0801,29.2058,19
13710,8.3209,14.5776,1,19
14423,6.05665,13.5947,1,19
15878,7.73589,15.1597,8.22086,19
17053,7.42487,15.1494,3.53034,19
21257,7.37841,14.7134,1,19
25166,8.24554,13.1414,19.2833,19
28265,7.7941,13.7805,46.0742,19
28601,8.19713,14.0669,1,19
33328,8.16716,13.6722,1,19
36124,6.18924,14.2752,14.0112,19
39344,7.31639,13.7066,3.75411,19
39361,6.21584,14.7215,9.90825,19
48588,7.96159,13.9925,14.8943,19
50187,8.63055,13.7375,16.9124,19
52567,7.94291,13.7233,11.5093,19
53651,8.11813,14.394,1,19
55836,6.90029,13.4151,11.7578,19
56969,7.60917,15.1556,43.8842,19
59287,6.6448,13.8531,3.05828,19
62957,7.12511,13.8201,11.7287,19
66798,8.33236,13.1256,20.1416,19
72798,7.57459,13.2631,28.1894,19
73085,7.90275,14.8963,1,19
73143,6.77343,15.0698,1,19
76958,6.19594,14.2998,1,19
77072,7.77137,14.0279,37.3502,19
77916,7.38691,13.534,7.4865,19
78464,7.24131,13.4586,11.7038,19
84963,8.5538,13.7967,19.7724,19
86469,8.09129,14.7422,50,19
87877,7.30666,15.5631,1,19
87948,7.47555,14.2207,4.09146,19
88292,7.40487,14.3822,1,19
91549,6.63319,13.6621,14.4952,19
92466,6.61791,14.6677,11.0098,19
93173,6.66073,14.256,5.21423,19
94339,8.35864,14.7579,25.3119,19
98148,8.12306,13.8414,34.3474,19
7118,8.33917,9.66677,19.3773,20
8932,7.54302,8.83359,18.8204,20
13014,6.49673,8.33012,6.25237,20
13167,7.96964,8.31486,2.00783,20
13226,7.06482,10.1483,50,20
14822,7.1822,8.83158,40.8139,20
15056,6.77575,7.85388,1,20
17001,8.38461,8.54921,25.5203,20
19763,8.04736,8.52947,2.44551,20
20098,7.12192,9.11195,1,20
27226,7.96374,8.23467,20.6623,20
28783,7.66562,8.59891,1,20
29388,7.07202,8.42993,1,20
31295,6.43257,8.63901,16.5529,20
33264,6.87648,7.6364,1,20
33667,7.54541,8.95048,5.75085,20
35528,6.57845,8.59799,1,20
35572,7.1167,8.62475,24.711,20
37267,7.98931,9.82159,31.3425,20
37569,7.74462,10.0105,1,20
38689,6.76945,8.62728,19.4582,20
41587,8.052,8.89566,10.9417,20
41886,7.67444,9.41168,1,20
42379,8.61881,8.55483,1,20
45893,7.16187,8.55392,1,20
45993,6.37789,7.77432,26.47,20
46604,6.35493,8.03471,1,20
49437,7.06491,8.54923,1,20
50794,7.17809,10.3105,19.8289,20
51257,8.10861,8.57058,11.7576,20
53058,6.89978,7.57507,32.7747,20
54391,7.82962,9.65433,8.88698,20
55318,7.03925,7.65003,32.7195,20
56746,6.53536,8.99056,1,20
58432,6.45333,8.90447,26.0388,20
59328,8.14965,8.15431,3.23971,20
59486,7.38081,10.4468,22.8103,20
60120,6.7418,8.58689,45.2977,20
61426,7.79718,7.92656,9.63414,20
64222,7.36994,7.56059,17.5491,20
67998,7.79072,9.95319,1,20
68377,6.44232,8.45277,18.4186,20
68725,6.97278,10.1061,22.1552,20
72245,6.88193,9.80987,1,20
74774,7.69425,8.5098,12.0088,20
80315,6.95048,9.27737,1,20
81009,7.29105,7.87716,24.1702,20
81709,6.42994,9.0925,42.5584,20
82041,8.36208,8.71399,14.8878,20
85759,7.33264,9.32688,18.7932,20
86882,7.0472,8.20456,18.1195,20
87604,7.81576,9.06298,1.03294,20
88945,7.83685,8.61141,36.5719,20
90980,7.58203,7.56638,25.6764,20
691,9.38478,12.6653,1,21
3474,9.43178,12.124,1,21
4497,9.20588,12.8064,20.3425,21
4643,8.56282,11.6996,20.6589,21
7675,8.09309,10.7314,8.12002,21
8682,8.51227,10.816,32.2265,21
10454,8.87258,12.1798,33.1314,21
11649,9.15607,12.992,20.1044,21
11674,7.9902,12.6502,35.956,21
12825,7.97547,10.6781,11.9926,21
14997,7.59977,12.6263,1,21
15251,9.75664,11.7967,1,21
15719,7.24976,11.504,6.1392,21
15797,8.81472,12.2211,1,21
16161,8.0364,11.9501,2.40997,21
16313,9.244,11.9689,2.39355,21
16433,7.32926,11.6309,9.13515,21
16712,7.02101,12.0718,1,21
17815,8.24686,12.1597,16.4333,21
20408,9.14397,12.0747,1,21
20742,8.33699,12.9006,35.341,21
23499,7.50194,11.8189,1,21
25166,8.24554,13.1414,19.2833,21
25344,7.23364,12.5674,24.9813,21
25485,7.84763,12.3178,8.11299,21
25578,7.59962,12.0896,37.7361,21
26793,9.40549,12.5845,27.2893,21
32550,8.27686,10.9513,8.47778,21
33887,7.468,12.8514,7.15278,21
36671,9.00862,11.1677,1,21
37950,9.78149,12.3356,25.8199,21
38328,8.8716,12.2919,1,21
38680,7.81083,12.5725,1,21
39649,8.68806,10.7581,27.4337,21
39961,8.21153,12.3332,37.2786,21
42513,8.42505,12.4348,33.2167,21
46747,7.11033,12.2175,31.9644,21
47768,7.99512,12.7008,9.62953,21
49800,9.53821,11.3764,3.51448,21
51288,10.0261,11.6241,8.38888,21
55575,9.1711,11.1507,14.8346,21
55769,9.48566,12.1342,12.6682,21
57595,8.74266,12.262,15.028,21
58644,8.44034,12.1315,12.849,21
66798,8.33236,13.1256,20.1416,21
66941,7.53513,12.9044,9.60274,21
72630,7.8211,12.2486,1,21
76058,9.23118,11.3578,1,21
76572,9.25162,13.055,1,21
76848,9.23151,11.6395,8.01688,21
77877,8.16769,11.949,1,21
79914,7.63166,11.9534,21.6842,21
84290,7.47276,12.4712,22.0365,21
84901,7.80338,10.7683,1,21
86259,8.04334,10.9019,1,21
86806,7.84043,10.5523,4.12123,21
98210,7.80753,10.6614,42.2174,21
98572,9.92244,11.9437,39.6815,21
3416,13.1477,10.8351,24.9304,22
4002,11.4652,11.1675,36.4073,22
5303,13.37,10.723,1,22
5322,13.604,10.7614,12.5253,22
6586,12.8757,9.87426,1,22
7635,11.0979,11.0413,1,22
8429,12.9666,10.583,17.8985,22
8563,12.6348,11.2964,1,22
9695,13.6828,9.33661,3.08624,22
14752,13.4926,10.1604,1.25036,22
16969,13.5643,9.5549,1,22
18009,11.3812,10.9438,2.07305,22
18716,12.4896,9.48544,46.1088,22
21640,11.9038,10.9432,23.8354,22
21669,12.4059,9.73408,17.3452,22
23086,12.7616,11.9358,15.9302,22
24279,12.8172,11.5078,23.9392,22
25888,12.8274,11.1592,25.4913,22
26714,12.3977,11.2749,1,22
27555,12.4859,9.39825,11.7742,22
28846,12.8252,9.54351,26.8708,22
29795,12.0277,9.96871,28.547,22
29881,11.6794,10.64,9.01477,22
31283,13.7144,9.89191,1,22
34139,12.8358,11.7018,1,22
34193,11.9609,10.0589,1,22
35269,13.037,12.2402,1,22
38258,12.6348,9.8918,1,22
43016,12.8719,12.5408,1,22
47900,11.7205,9.91093,1,22
53417,12.3749,11.7673,14.5127,22
55066,11.6318,10.1324,1,22
57754,13.6237,10.1077,1,22
60291,11.6909,10.413,21.2298,22
61059,12.4968,10.4616,1,22
61452,13.186,10.5502,1,22
61938,13.1772,10.3291,19.0572,22
62078,12.0673,10.7178,1,22
63063,13.2671,12.3606,1,22
63520,12.6885,11.6347,42.6783,22
63672,13.46,12.5338,1,22
65211,13.1361,9.58859,39.0095,22
65511,13.0502,12.5079,34.7219,22
70214,12.5105,9.91671,1,22
72458,12.6058,11.3794,1,22
77487,12.2332,10.6444,1,22
78874,11.442,11.7396,1,22
79023,12.6685,10.9739,25.3901,22
80927,13.2954,10.3533,9.39924,22
83062,12.6416,11.3028,1,22
83609,13.7041,9.69156,33.3721,22
84658,13.7462,11.0931,50,22
88430,12.9985,9.79828,1,22
91116,12.4382,9.86924,24.8617,22
93040,12.8821,11.9278,1,22
5578,5.63126,9.26033,1,23
6210,4.84937,9.32529,15.1894,23
11216,5.84464,9.65401,6.29851,23
12913,5.4238,9.17061,1,23
12918,5.30793,9.52171,47.3367,23
18121,5.22616,8.29717,15.2601,23
20292,4.9877,10.1778,1,23
26267,5.72343,9.05897,1,23
26352,5.11419,9.45807,18.4375,23
26554,3.46111,8.6161,1,23
27574,6.16648,9.75482,3.05287,23
28361,5.0728,8.81956,1,23
28691,4.5042,9.13308,1,23
29316,4.5549,9.18283,1,23
31475,5.60768,9.35117,35.7911,23
32280,5.16191,8.16742,1,23
32729,5.39413,10.0101,5.04199,23
32912,5.24902,9.57962,1,23
38273,6.10218,9.8665,1,23
40488,5.12229,8.44163,30.8006,23
40883,4.97322,9.22945,27.347,23
41465,5.18512,9.91718,37.2392,23
41957,6.0807,9.78287,1,23
49414,4.58319,7.46639,1,23
56662,5.25013,7.9132,46.8117,23
57309,5.96889,9.01613,5.61178,23
57859,5.01602,9.45989,4.87793,23
59857,4.49168,7.28778,1,23
62946,5.37083,9.8747,7.14807,23
64381,6.03306,9.60288,1,23
67312,5.2173,8.03051,8.8026,23
69957,5.65557,9.7039,1,23
70534,4.74714,8.72836,1,23
71251,6.20326,9.14148,43.1895,23
74956,5.87252,7.80308,17.073,23
75173,5.72672,9.13091,1,23
82097,3.87522,9.73184,19.1328,23
82277,5.31806,9.00239,1,23
82473,5.43002,8.02259,8.38698,23
82740,4.84947,9.00206,20.1637,23
84988,5.30024,8.7594,3.41018,23
90195,4.09182,9.77259,27.031,23
90597,5.47317,8.98334,24.1959,23
95498,5.20189,9.76108,9.59349,23
96995,4.91633,9.98968,1,23
1977,4.00223,9.97607,1,24
2114,3.92637,11.7036,21.6655,24
2771,2.66485,12.1197,1,24
5669,3.99119,10.5121,5.12926,24
14471,3.42004,10.1858,6.1744,24
15195,3.82712,11.3037,38.7917,24
16096,2.76685,10.3182,1,24
16454,3.05399,10.9983,6.58081,24
21777,3.94533,10.4692,1,24
22509,2.94337,10.8589,18.1161,24
23672,2.09572,10.7707,20.3867,24
24291,3.08243,10.5276,8.84394,24
25366,1.83141,10.2887,32.3015,24
30842,2.11203,10.3334,15.4937,24
34730,2.91371,10.2937,1.49782,24
34811,1.34915,9.48519,1,24
38406,3.38536,11.168,1,24
39647,1.5423,10.8639,1,24
41046,2.28209,10.0552,1,24
41270,3.83433,10.802,12.7948,24
41756,3.61416,11.3089,34.5971,24
42214,2.00198,11.675,22.5817,24
42423,2.681,10.9907,11.0123,24
42893,3.12847,11.8066,1,24
43624,1.38989,9.49681,10.257,24
51097,2.42093,10.5914,1,24
53661,3.42727,11.378,3.61799,24
55600,2.54745,11.524,7.10575,24
55896,4.06157,10.5309,13.5633,24
56214,3.22508,11.7939,15.191,24
56310,4.08562,10.1611,2.42769,24
58249,3.17717,10.0796,45.0375,24
59633,3.71946,10.3939,1,24
67676,1.36339,10.0994,4.04508,24
71569,2.29216,9.82832,1,24
71630,1.20543,9.52344,1,24
74394,2.40102,10.7004,1,24
75214,1.97027,11.583,1,24
76642,3.72451,11.7568,12.5373,24
76895,2.25304,11.1261,15.8745,24
79440,3.55953,10.544,1,24
81396,2.05777,10.1007,11.2799,24
82115,2.64149,11.2401,1,24
82356,2.12321,10.1452,29.3147,24
82861,3.40369,11.656,44.4642,24
83281,3.2654,10.8478,25.1766,24
84668,2.88594,12.1423,12.415,24
85047,3.609,11.0094,20.811,24
86312,2.57157,10.8265,13.3087,24
90475,3.74831,11.3689,34.9891,24
90934,2.18831,10.5201,9.44211,24
91965,2.9674,11.9889,21.2268,24
92347,2.17889,11.755,7.56141,24
95483,3.77089,10.374,1,24
95614,2.9124,12.1905,7.73527,24
96187,3.96963,11.6957,43.8974,24
96457,2.23553,11.7737,1,24
97069,1.01065,9.70028,15.7089,24
97492,3.64379,11.0541,39.4668,24
98021,1.38924,9.86693,6.85291,24
4489,12.933,14.1957,25.3975,25
5021,12.6156,15.3155,1,25
5866,12.6103,15.2415,31.6596,25
7815,11.8745,15.4756,27.9051,25
8367,13.1658,14.7267,29.5126,25
9410,13.3462,13.1363,43.8656,25
11430,13.3738,14.0057,9.45228,25
18369,11.5095,14.5578,1,25
18686,11.9422,15.4158,22.6283,25
19010,12.7149,15.1766,1,25
25907,12.376,15.0223,31.8654,25
27755,12.0483,15.4813,3.28063,25
33810,13.2978,13.6756,1,25
35173,12.4666,14.8186,1,25
35258,12.5804,15.6581,3.47089,25
35910,12.5838,15.3489,15.7115,25
41144,11.8667,15.0781,1,25
42061,12.9707,15.2122,1,25
45351,12.3096,13.7289,8.75869,25
45795,11.6441,15.4206,25.1,25
46158,11.9041,14.6514,1.48335,25
46796,12.0851,16.363,50,25
46824,12.2112,14.3364,1,25
47775,12.8489,15.8151,16.8035,25
49543,11.0129,15.2052,25.0897,25
51495,11.7012,14.8268,1,25
52035,12.8252,15.2153,1,25
52536,12.732,14.4989,1.69213,25
55473,12.4468,16.2993,3.08576,25
55503,11.4777,14.7685,13.0582,25
58286,12.6147,14.2133,1,25
61380,11.7308,16.0727,1,25
63496,12.8312,15.491,6.18062,25
64875,11.8576,15.0495,1,25
64948,12.6588,16.3599,4.55057,25
66157,11.8966,16.5138,23.1682,25
67365,12.8323,15.3354,10.2506,25
67646,13.0328,15.7997,2.17617,25
70934,11.6768,15.8568,1,25
72287,12.5894,14.6258,10.5233,25
73134,12.3245,14.4907,13.1986,25
75107,11.1889,14.73,27.4266,25
76041,12.7857,14.3745,9.68358,25
78878,12.4934,13.8669,25.4116,25
80356,11.3332,14.783,9.38255,25
83563,12.0181,15.2275,12.8037,25
83700,12.861,16.4055,16.8574,25
83864,11.7121,14.6317,1.92584,25
88383,11.4035,14.6344,8.36201,25
93553,11.773,15.9678,14.476,25
97843,13.144,14.5413,1,25
98332,13.0887,15.5536,23.2177,25
99160,12.4514,15.034,1,25
2951,2.68679,12.9885,23.1891,26
6744,4.6928,14.1896,48.3147,26
6897,4.33756,12.2283,1,26
8695,3.78689,13.831,1,26
12417,3.34994,14.1097,1,26
13075,4.11718,13.049,19.5781,26
21868,4.12475,14.1619,1,26
22904,3.75519,14.6054,11.4574,26
25420,3.41053,13.4636,1.09106,26
27427,3.60871,12.6842,24.4594,26
29958,3.08381,12.5394,15.7337,26
32443,3.27378,12.4954,1,26
33215,4.18336,14.552,26.8035,26
33945,4.18327,12.3023,1,26
34031,4.60277,12.8451,30.6259,26
34795,4.10182,13.3928,1,26
37943,4.29286,13.1368,16.2498,26
38717,4.55472,12.2593,18.575,26
38895,4.91187,13.5312,46.1462,26
39248,4.36947,14.2808,10.5428,26
39751,4.87301,13.8193,1,26
41872,3.23371,12.4023,3.1915,26
44098,3.3883,12.6392,22.7854,26
51391,4.13041,12.9914,1,26
52612,4.76056,14.3759,15.7373,26
52927,4.83338,12.8286,1,26
53959,4.87083,14.1355,12.0878,26
54173,2.97955,13.1152,1,26
54480,3.13655,13.2047,1,26
55607,3.81543,14.6376,33.5948,26
56153,4.273,14.6233,12.1748,26
56737,3.51836,14.6333,19.2198,26
60551,3.39181,14.3216,23.042,26
62053,4.46204,12.6914,1,26
63772,2.95742,12.7304,1,26
71884,3.68223,14.7359,1,26
74018,3.91542,13.5969,15.6469,26
76180,3.8317,15.0395,1,26
76228,2.77973,12.5913,13.6083,26
78188,3.74906,12.5014,1,26
83892,4.00574,12.0263,1,26
84918,3.28185,14.3307,23.9948,26
89290,2.84458,12.8114,5.20381,26
90094,3.82195,13.6719,26.5963,26
92903,3.74343,13.3666,8.34784,26
93090,3.53761,14.6809,4.03737,26
97776,4.75114,13.7326,32.9795,26
1118,6.9284,16.3924,1,27
1209,7.73253,17.4657,19.8798,27
1952,6.5357,16.8737,1,27
3670,6.52935,16.6789,1,27
4765,8.30917,17.3688,1,27
7458,6.71446,16.0743,20.147,27
8785,6.80065,16.0866,1.50902,27
10288,6.63515,17.7513,33.6679,27
10722,7.06457,16.8727,19.707,27
12438,6.52427,16.5597,16.2849,27
14826,6.95873,16.0351,17.73,27
20210,7.75252,16.4018,28.5979,27
23908,7.66727,16.7341,47.6563,27
30780,8.08595,15.7006,1,27
34169,7.28814,16.9279,2.43486,27
35920,6.53403,17.1036,22.9734,27
41782,8.5178,16.6965,21.6685,27
42397,7.17085,16.096,25.7535,27
45785,8.09596,15.6426,27.1691,27
49992,6.63772,16.9293,17.6145,27
52791,8.0653,16.6612,22.5909,27
61686,6.95522,16.1574,6.8244,27
64946,8.05161,17.2878,22.4171,27
65697,8.24454,17.2727,1,27
72086,8.38067,16.0462,1,27
72284,7.4572,16.2155,1,27
78601,8.05124,17.3618,1,27
81857,8.27578,15.6926,1,27
84083,8.16911,16.0849,11.6935,27
87877,7.30666,15.5631,1,27
90225,6.38194,16.9407,1,27
92003,7.31095,16.0889,24.179,27
93576,8.22461,17.1383,14.5101,27
94758,6.74129,16.666,19.2237,27
95102,7.0243,15.4576,1,27
1537,12.7443,8.19524,1,28
2580,12.6838,8.8273,17.4359,28
4787,11.2245,7.50976,18.294,28
4922,12.0982,7.34501,38.4484,28
5275,11.5402,9.02372,12.9546,28
7265,12.551,9.26212,9.24514,28
9236,11.0637,8.72264,28.483,28
9437,12.9241,7.9689,25.4402,28
10215,10.9824,7.38234,1,28
13367,11.3854,8.63329,1,28
14720,12.3226,7.66304,40.3062,28
15122,13.4356,8.96483,1,28
15781,13.4923,7.78957,8.66745,28
16396,13.5947,8.0999,1.19848,28
19710,11.5815,6.8182,39.1728,28
20512,12.1759,7.11877,20.1355,28
21876,11.5061,7.39926,16.8404,28
24397,12.2076,7.67741,1,28
25838,11.0841,7.1654,14.4508,28
30945,12.6786,7.22571,12.1188,28
31444,11.192,8.78073,19.2792,28
32660,11.4726,7.06043,28.8656,28
33701,14.0498,7.97598,40.1708,28
34293,12.2642,7.74226,12.3832,28
40604,14.5901,7.68855,1,28
42882,12.6986,8.86886,39.6816,28
43486,13.2229,8.16115,34.228,28
44046,11.0912,6.66062,26.5374,28
45075,12.312,6.89185,11.2738,28
45314,13.8295,7.45142,49.9756,28
46074,13.3416,8.31801,22.3614,28
46354,12.9679,8.04457,14.0933,28
46364,10.9444,6.63532,1,28
46812,12.9437,7.51984,1,28
47813,12.166,7.39504,16.2174,28
48100,12.4582,8.66574,4.63472,28
48441,12.8792,7.95476,2.09869,28
48874,12.2445,9.16199,19.8771,28
48924,11.9868,7.94742,1.56662,28
49855,14.0034,7.48466,10.4277,28
52993,12.797,8.28365,50,28
53081,10.4484,7.66772,18.1414,28
53159,11.4285,8.3828,13.2381,28
54145,14.3571,7.58848,12.3195,28
55067,12.8597,7.25886,10.9077,28
55183,11.3578,6.38271,1,28
60138,10.6298,7.94839,1,28
63065,12.7109,6.91974,18.1353,28
63596,12.8809,8.16032,39.4668,28
63912,12.4723,8.05627,1,28
66574,11.1002,8.06808,1,28
69401,14.1523,7.87664,13.6238,28
70417,12.3335,9.01265,35.7462,28
70433,12.3945,8.81821,1,28
72555,10.6988,7.91663,12.7603,28
73444,12.9585,7.48112,1,28
77285,12.2128,7.89855,28.4235,28
78527,10.9826,8.04735,24.5292,28
78852,13.8903,7.81477,8.94931,28
86576,11.5884,9.19398,1,28
86712,10.8099,8.28823,1,28
87115,11.5119,7.82897,5.08154,28
89433,12.1687,8.84529,1,28
92087,11.4382,7.4039,14.77,28
93241,11.4544,7.76683,1.2526,28
94009,12.0174,6.56686,1,28
95410,11.2929,6.64164,50,28
95583,12.452,7.70833,1,28
95770,11.413,8.7161,1,28
98352,11.7118,7.92718,4.8307,28
99532,10.4806,7.60161,17.5294,28
1826,10.0008,16.4002,1.16211,29
2487,11.5264,16.6707,32.2167,29
3764,10.9455,17.1035,2.8013,29
4083,10.2137,16.3509,31.4001,29
5986,9.59635,16.9498,1,29
9028,10.6776,15.1169,1,29
11956,10.392,17.3592,8.10992,29
16248,9.63525,17.4624,13.2885,29
18387,10.6278,16.2173,12.9722,29
19726,10.9364,16.3078,1,29
21717,9.2586,15.7091,1,29
21815,10.3491,14.9825,15.9519,29
23167,10.0018,16.9309,13.63,29
23620,9.14952,16.8361,21.4135,29
29176,10.1214,17.4208,13.5045,29
34378,9.90159,16.1008,1,29
36081,10.473,16.1274,7.63357,29
36408,9.49504,16.6893,1,29
37090,9.35569,16.028,3.05672,29
37869,9.70273,15.8868,20.3633,29
39121,9.51438,16.4452,10.096,29
39526,11.5026,16.7347,1,29
43841,9.02523,16.8559,7.58067,29
49709,10.539,14.9818,1,29
51171,10.2485,16.4216,1,29
53823,9.40044,15.6913,15.392,29
55596,10.6447,16.3467,15.4606,29
55942,10.2177,15.5179,21.4902,29
56081,9.81918,16.5881,1,29
59694,9.52311,15.5036,1.62216,29
60680,11.0941,17.1291,1,29
62838,8.79152,15.9735,5.4502,29
63313,10.4623,16.0949,19.9539,29
74112,10.6951,15.224,15.0301,29
76494,8.96633,17.0538,7.07226,29
76515,9.45128,15.3382,16.0498,29
76699,10.1839,16.2953,1,29
78643,10.8076,17.1484,12.4903,29
83465,10.5705,15.2012,1,29
83532,11.4433,16.3389,8.7036,29
84200,10.7811,15.5756,5.50166,29
85693,11.2608,17.0331,12.1472,29
88505,10.5116,15.5547,28.5035,29
88518,9.12672,17.582,13.6446,29
89841,10.0884,17.4074,27.401,29
90721,9.26177,15.4259,37.0839,29
91937,9.13349,16.3921,16.3522,29
92998,10.4609,16.8769,13.0915,29
93226,11.2484,15.7574,1,29
93807,11.4154,17.0915,19.7748,29
94155,10.4155,17.4903,10.3286,29
95733,10.9877,15.2649,1,29
98150,10.0111,17.0887,8.41514,29
98517,9.64616,15.3705,1,29
1077,7.67905,13.3315,35.5391,30
1829,9.32557,14.6272,1,30
2465,8.08242,13.979,1,30
2750,7.02113,14.9403,1,30
3968,9.02561,14.4454,25.5221,30
4063,7.85781,13.6129,1,30
5132,7.73654,13.2202,1.00632,30
6320,8.84736,13.5939,22.1755,30
12583,9.35698,14.3507,25.5369,30
13102,8.78484,14.0135,1,30
13520,9.03914,13.2472,1,30
13710,8.3209,14.5776,1,30
13802,9.54303,13.9156,7.78354,30
14494,8.83729,13.5789,1,30
15878,7.73589,15.1597,8.22086,30
17027,8.6552,15.1653,31.5522,30
17053,7.42487,15.1494,3.53034,30
21257,7.37841,14.7134,1,30
21985,8.81993,15.6455,14.9441,30
28265,7.7941,13.7805,46.0742,30
28601,8.19713,14.0669,1,30
28850,9.51921,14.2244,1,30
33328,8.16716,13.6722,1,30
38062,9.87925,14.615,42.4258,30
38974,8.56025,15.4206,6.40674,30
48588,7.96159,13.9925,14.8943,30
48836,9.5471,13.7843,1,30
50187,8.63055,13.7375,16.9124,30
51079,9.05812,15.0821,48.2909,30
52567,7.94291,13.7233,11.5093,30
53651,8.11813,14.394,1,30
56283,9.10176,14.727,1,30
56969,7.60917,15.1556,43.8842,30
69453,8.35005,15.2709,13.4736,30
72798,7.57459,13.2631,28.1894,30
73085,7.90275,14.8963,1,30
77072,7.77137,14.0279,37.3502,30
80802,8.07368,15.2991,19.6054,30
84963,8.5538,13.7967,19.7724,30
86469,8.09129,14.7422,50,30
87641,8.4989,15.0826,1,30
87948,7.47555,14.2207,4.09146,30
88292,7.40487,14.3822,1,30
94339,8.35864,14.7579,25.3119,30
96184,9.07721,15.0235,33.8985,30
98148,8.12306,13.8414,34.3474,30
98553,9.44525,13.5741,1,30
971,4.79203,11.6831,17.9996,31
2379,5.21256,11.6595,27.5342,31
3564,4.44259,10.7457,12.1512,31
8643,4.32219,10.5298,26.4613,31
10250,6.41564,10.4041,21.1475,31
12530,6.3443,10.6446,50,31
15534,5.83619,10.092,33.9787,31
15742,4.36545,10.4339,1,31
17284,5.9132,10.9852,22.2893,31
19610,6.18554,11.5463,1,31
20592,5.79349,11.1397,50,31
21825,6.94061,11.5427,4.89605,31
22566,6.58711,9.99436,1,31
24033,4.70917,10.9059,17.8465,31
24416,6.10753,12.003,37.3875,31
31840,5.0947,10.5297,6.63297,31
35203,6.16835,10.9979,23.5937,31
36549,5.83815,11.9655,1,31
46936,4.81464,11.9184,39.6428,31
47221,6.9226,10.4607,2.18369,31
49827,6.25275,11.0036,20.2947,31
50032,7.06986,10.9913,37.849,31
52581,4.79951,11.6295,11.1985,31
57138,4.49191,11.1882,13.1186,31
60014,4.30698,10.9308,12.7171,31
61884,4.64708,11.9134,14.5102,31
63425,5.29012,11.9617,1,31
63755,5.15779,11.0291,50,31
65906,7.04603,11.1109,24.8148,31
66203,4.6704,10.6343,36.2367,31
66294,6.42059,11.1003,20.8078,31
67026,5.85228,10.2268,30.7503,31
67090,5.20938,11.2493,29.9345,31
70352,5.00647,11.3215,39.8846,31
71980,4.56765,11.5765,1,31
72430,5.27187,11.2996,1,31
76025,6.47109,10.7887,39.5532,31
80050,5.71355,11.4342,30.917,31
83076,7.17562,11.1154,1.27837,31
83245,6.00577,10.3814,50,31
86262,6.86071,11.8275,1,31
88513,6.07944,11.7941,32.8349,31
90189,6.3738,10.1709,1,31
90771,4.26705,11.572,1,31
91145,5.45048,11.0317,19.7251,31
92339,5.80101,10.4144,1,31
93902,6.80804,11.9782,1,31
94875,6.89294,11.016,50,31
98460,6.70098,10.8656,11.6962,31
651,10.893,11.2964,1,32
6184,10.4242,10.759,25.1898,32
6579,9.55698,8.51864,1,32
6701,8.59468,9.6118,28.453,32
8050,10.7999,10.1427,50,32
8995,9.11659,10.5293,1,32
9419,9.06047,10.5335,1,32
9824,11.0172,10.1531,14.1154,32
10512,9.26929,8.99806,18.7465,32
12786,9.26691,10.5138,16.1935,32
13999,10.7105,10.0799,7.9404,32
14523,9.71216,8.45863,18.2031,32
15062,9.09621,9.4937,8.48317,32
15514,9.18292,9.98932,10.5862,32
21177,10.2533,9.5924,12.8389,32
21527,10.3491,11.0335,20.7126,32
27338,8.79565,10.0987,50,32
31179,10.6096,10.1862,22.4848,32
32142,8.929,9.71259,18.5687,32
33348,8.81773,8.98401,13.9513,32
34270,8.46756,9.78457,3.10946,32
35010,10.4964,8.44576,25.0317,32
35773,10.5746,10.1235,10.3559,32
37228,10.7103,9.73571,45.1076,32
38390,10.8545,8.72208,10.673,32
40793,8.57739,10.0204,21.5232,32
43531,10.0159,10.795,49.9281,32
48465,8.60225,9.76083,28.6299,32
49605,8.54808,10.4046,12.3613,32
50228,10.2422,8.33172,39.0887,32
55439,10.3977,8.67831,12.5663,32
56546,10.0585,8.54754,1,32
59063,9.15399,9.57409,6.24166,32
59085,10.1296,8.9783,10.3238,32
61943,9.15609,9.22759,1.95805,32
62263,8.94627,8.53049,21.5058,32
63606,10.5095,9.57146,1,32
64802,10.7926,9.03535,31.6462,32
66184,10.0695,9.92888,1,32
66945,10.1686,10.2144,9.6396,32
68215,9.32222,10.5533,12.106,32
69690,8.97813,9.99518,27.5281,32
71084,8.57605,10.1148,39.3829,32
71143,10.0938,8.67803,27.7368,32
72348,9.6689,10.6568,37.2762,32
72771,10.0364,9.61358,49.576,32
72978,9.36273,8.82342,1,32
73469,8.80197,9.58512,1.09499,32
74921,8.90245,10.3935,1,32
74925,10.8784,10.1454,5.46373,32
76533,9.68751,9.29434,7.15123,32
78370,10.0757,10.3512,30.9491,32
80972,11.0568,10.5688,15.406,32
83167,10.2473,11.2209,1.02664,32
88657,10.3476,11.4113,13.3861,32
90064,10.5298,10.3082,17.523,32
90677,10.2697,8.91487,1.46769,32
93323,10.0686,11.0444,1,32
98455,8.70008,9.97053,27.9898,32
99275,10.7537,11.2583,23.9075,32
693,5.43552,15.916,3.57371,33
2590,6.2432,16.1008,28.4729,33
5620,4.66418,16.1651,1,33
8060,5.64083,14.9728,1,33
8301,6.03575,15.7114,23.0942,33
9347,4.64303,14.8585,1,33
11094,5.72781,16.4865,1,33
11538,5.5506,16.4017,28.1233,33
14953,4.82474,15.8274,1,33
17733,6.21506,15.4259,1,33
21800,5.98143,16.4784,27.1854,33
22749,4.81888,15.308,10.4682,33
24144,5.15117,15.794,20.5497,33
25922,5.46024,17.3454,1,33
26104,6.12833,16.2802,30.5314,33
33884,6.02871,15.8695,28.5571,33
34757,4.84353,16.207,36.2668,33
35758,5.44074,16.3346,15.1702,33
39370,5.30231,14.7129,2.21872,33
41673,6.45805,15.7038,10.1317,33
42206,5.81136,17.1461,23.3799,33
42728,5.04326,15.6711,1.41236,33
44981,4.38479,15.073,1,33
45561,5.79736,15.2861,45.3413,33
47929,4.37081,16.5274,33.9127,33
50200,5.55282,17.6806,1,33
51501,5.9467,16.5235,1,33
55551,4.20241,15.5934,24.2618,33
56364,5.15727,15.2427,1,33
56692,4.82714,14.8455,1,33
59519,5.32903,15.2758,1,33
61913,5.51021,15.6302,1,33
62860,5.65925,15.8462,5.49537,33
67086,5.96819,15.3608,15.9728,33
68361,6.44113,15.2693,3.68865,33
73143,6.77343,15.0698,1,33
78846,5.10168,16.353,1,33
79370,5.3605,17.4996,1,33
81014,5.74958,17.5313,25.1364,33
83774,5.50329,16.837,16.0046,33
84344,5.15457,14.8187,5.55112,33
84841,5.23824,16.9279,4.94884,33
85032,5.67579,15.9996,11.8669,33
87441,5.33457,16.7636,21.0683,33
87552,5.37576,15.6138,4.19198,33
90806,5.03314,15.2489,8.04686,33
91340,5.92824,16.7963,1.64098,33
93836,6.07254,15.504,1,33
99198,6.37977,16.0393,8.18615,33
2460,6.52169,7.28362,36.6943,34
2756,6.13699,7.38321,1,34
2825,4.86834,6.29276,1,34
4340,7.46779,5.4517,1,34
5495,6.36613,7.45395,1,34
7220,7.20897,5.2241,1,34
7538,6.82747,4.7872,14.0759,34
7985,6.01983,7.07439,13.9388,34
8076,6.18631,7.21837,15.2346,34
8124,6.45188,5.81505,9.74889,34
9283,7.19183,5.45742,1.09092,34
9338,6.07522,4.86467,1,34
10773,7.07526,5.53397,1,34
11052,5.06702,5.71934,39.6661,34
11908,6.55899,5.67791,29.2865,34
14483,5.70433,6.69834,2.44372,34
16404,5.83411,5.18483,1,34
20039,5.68898,5.68659,23.6063,34
20308,6.49375,5.1151,36.224,34
20983,5.16995,7.01762,9.55761,34
24733,5.94637,5.02148,1,34
26066,6.50522,4.61411,5.2729,34
26988,7.54824,5.22483,1,34
27723,4.752,6.01837,1,34
29247,5.66625,5.16431,1,34
30143,5.16566,6.03724,50,34
31971,7.30056,6.0985,1,34
33688,6.57275,7.18873,23.7608,34
36001,7.11832,6.51294,1,34
38816,5.57133,7.07386,1,34
44178,5.26678,6.86514,1,34
48405,7.0287,7.13171,9.05559,34
49435,5.95892,5.37455,50,34
51348,6.07331,4.93715,1,34
51520,5.57664,5.27827,6.59622,34
52168,7.39735,5.99619,11.3586,34
53628,6.97843,6.14879,1,34
54478,7.32757,6.22128,25.7652,34
55650,7.33429,6.81766,4.92659,34
57399,5.37902,6.1673,1,34
59242,7.27347,6.65288,6.89852,34
60228,7.04003,5.60147,1,34
63858,4.8304,6.35505,1,34
65067,6.57367,5.66175,16.2984,34
66494,4.907,7.20221,19.3307,34
70181,6.34695,6.45049,50,34
71098,6.07587,7.1657,1,34
71353,5.58394,6.27106,13.996,34
71542,4.69677,6.43546,1,34
72392,4.68934,6.85152,15.2614,34
73376,7.33221,6.38422,1,34
77803,6.18556,5.84446,1,34
78996,4.78409,5.89252,8.4141,34
80159,4.72971,5.99628,1,34
86335,6.78087,5.64245,13.1112,34
88368,5.91933,6.42057,4.15756,34
89994,5.81926,5.34986,10.1758,34
90496,7.53845,5.50653,20.2865,34
93279,6.39698,4.56134,1,34
94533,5.01745,5.7342,4.27236,34
95488,6.7657,4.67727,33.2011,34
98907,4.99174,7.00345,1,34
407,5.99115,13.2557,16.0965,35
7695,7.04069,14.1035,1,35
9976,6.03477,14.0801,29.2058,35
11614,5.38688,14.244,12.7212,35
14423,6.05665,13.5947,1,35
24494,5.61222,12.8648,6.35283,35
29217,6.34617,12.6236,14.557,35
30215,5.78271,13.4048,1,35
31471,5.52416,13.0862,1,35
35782,6.26341,12.9753,29.2885,35
36124,6.18924,14.2752,14.0112,35
39344,7.31639,13.7066,3.75411,35
39361,6.21584,14.7215,9.90825,35
40539,6.92976,12.7093,33.7703,35
42280,5.4626,13.6901,1,35
42454,5.41768,13.5132,1,35
44886,5.70745,12.4045,17.6022,35
50112,6.09684,12.7351,1,35
50859,5.27475,14.1124,18.5101,35
52342,5.73382,13.4697,14.4772,35
52811,5.68915,12.5487,1,35
55836,6.90029,13.4151,11.7578,35
58981,5.38393,12.5301,1,35
59287,6.6448,13.8531,3.05828,35
60598,5.67045,13.202,7.74438,35
62957,7.12511,13.8201,11.7287,35
76672,6.05782,13.2722,1.5201,35
76958,6.19594,14.2998,1,35
77916,7.38691,13.534,7.4865,35
78464,7.24131,13.4586,11.7038,35
79326,5.74762,14.5293,7.92449,35
80157,5.83963,12.5813,12.8178,35
82620,6.15248,13.216,1,35
85864,6.92883,12.6623,25.424,35
86227,5.61169,14.3449,1,35
91549,6.63319,13.6621,14.4952,35
92466,6.61791,14.6677,11.0098,35
93173,6.66073,14.256,5.21423,35
2954,10.1246,14.4961,1,36
6298,12.2727,13.3818,1,36
6927,12.0084,12.9228,1,36
7018,10.1039,13.2573,19.3432,36
13121,10,13.1106,3.66209,36
13259,11.468,14.3294,11.1247,36
15559,10.7601,12.0142,1,36
21102,11.7806,13.9121,17.5175,36
22044,10.6602,13.8022,1,36
24232,12.1702,12.8581,1,36
24492,11.1078,14.5009,2.08622,36
25340,11.8755,13.5811,1,36
27118,10.3984,12.7112,22.7629,36
27569,10.6332,13.9414,13.5518,36
29299,11.0705,13.5572,1,36
31587,11.616,13.9372,44.5142,36
35971,11.3178,13.9575,1,36
36944,9.98993,13.0555,8.33951,36
38116,12.4643,13.0262,20.3082,36
38963,11.0572,12.5248,1,36
43453,10.1732,13.9259,1,36
44750,10.6046,14.3161,12.0427,36
51340,9.96636,13.6849,36.4274,36
55273,10.9465,13.6125,20.5163,36
57264,9.96709,12.8549,39.6584,36
60346,12.1005,13.7629,10.8596,36
60779,10.2667,13.7474,15.3631,36
64919,11.2513,12.2882,12.8249,36
66306,11.5476,11.9655,29.5642,36
69016,11.0258,12.0317,25.4404,36
70224,12.3951,13.0675,1,36
72139,11.0375,12.8179,1,36
72202,11.8187,12.8506,14.15,36
73119,9.82886,13.1165,24.8255,36
74190,12.7648,13.1386,1,36
74248,10.5869,13.6233,4.3266,36
74286,11.5452,14.1271,23.5472,36
76226,10.7962,13.4549,15.9482,36
77190,10.116,14.3378,1,36
77467,9.97736,13.3528,13.5329,36
79645,11.66,13.686,18.0883,36
79707,12.889,12.8766,5.55698,36
81721,10.0422,13.5687,50,36
83820,11.1389,13.8843,10.4798,36
86930,9.97159,14.0251,1,36
88778,10.1409,13.5171,33.9499,36
88896,10.5067,14.293,15.3647,36
89522,9.98647,14.4691,1.26484,36
89651,10.8048,13.5323,6.82086,36
92817,10.4492,11.6322,3.07796,36
92840,10.3236,14.1177,18.2866,36
94262,11.5929,12.3011,7.14245,36
95854,10.6871,12.1617,17.6069,36
96675,10.3567,13.5989,1,36
99602,10.9601,13.6953,48.9197,36
923,8.11581,5.01083,1,37
3733,9.51101,7.63676,3.05994,37
7885,8.5488,6.04347,17.6442,37
8640,8.43963,7.11883,42.4878,37
11547,9.04393,7.6087,1,37
11894,8.53078,7.83777,1,37
12030,8.30348,6.34165,14.5425,37
13161,8.32404,7.74506,1,37
15806,9.91374,8.03933,1,37
22049,10.7064,6.30392,4.23927,37
25048,10.1153,6.98078,23.7775,37
25092,8.78918,6.88511,1,37
26415,10.2934,7.86938,10.6277,37
28513,9.03152,7.63806,10.4453,37
28597,10.4871,6.80041,1,37
30492,7.95856,6.92891,1,37
31193,9.47035,6.217,1,37
31318,8.09806,5.35596,8.51226,37
33029,9.84281,7.87199,1,37
33733,7.69584,6.03179,1,37
36813,8.34232,5.19082,8.12963,37
36836,8.71084,5.65593,1,37
37164,8.35132,6.05708,31.2346,37
38091,8.51322,5.23456,42.3711,37
39059,8.34333,5.99762,2.98903,37
39472,9.1482,7.95309,43.527,37
40024,8.95872,6.91143,18.9977,37
40863,8.7035,8.08186,27.964,37
43637,8.89328,7.37886,1,37
51140,9.71173,7.98546,14.9324,37
51743,9.17069,5.42811,29.0834,37
51902,8.15622,7.39718,9.22555,37
53188,8.35608,7.84247,7.80099,37
53554,8.10957,4.95392,2.87452,37
55132,9.44627,7.9306,1,37
58027,9.16349,6.48225,19.6448,37
59727,9.00199,5.32297,11.4516,37
63676,8.85707,8.2402,21.6445,37
63724,8.30046,6.06914,1,37
64988,10.2488,6.6386,1,37
66004,9.16919,7.369,1,37
68349,9.90533,6.84773,1,37
69689,7.93118,7.11379,22.4066,37
69694,7.69675,6.77242,8.99962,37
71364,7.98976,5.78643,29.3941,37
72956,8.94928,7.3193,5.73597,37
74698,9.4726,8.16964,7.36269,37
75495,8.05691,6.09821,6.53747,37
76384,9.08105,6.75156,28.4628,37
77136,7.98967,6.9287,32.9366,37
80510,10.0045,7.43767,42.9137,37
81449,8.81668,7.14697,14.1149,37
81748,8.15414,6.3484,1,37
82755,9.11257,6.48798,1,37
90009,9.05104,6.80665,21.8984,37
90361,8.59808,7.50728,26.5101,37
90639,8.63395,6.89156,1,37
91650,8.89561,6.55993,48.2667,37
91651,8.79722,6.02968,19.0951,37
93466,8.41107,7.1965,7.19638,37
94929,10.7527,6.26841,1,37
96824,7.95798,5.86765,1,37
96975,8.17726,5.55723,1,37
98953,8.89127,7.65176,27.396,37
6184,10.4242,10.759,25.1898,38
6701,8.59468,9.6118,28.453,38
7118,8.33917,9.66677,19.3773,38
7675,8.09309,10.7314,8.12002,38
8050,10.7999,10.1427,50,38
8682,8.51227,10.816,32.2265,38
8995,9.11659,10.5293,1,38
9419,9.06047,10.5335,1,38
9824,11.0172,10.1531,14.1154,38
10512,9.26929,8.99806,18.7465,38
12786,9.26691,10.5138,16.1935,38
12825,7.97547,10.6781,11.9926,38
13999,10.7105,10.0799,7.9404,38
15062,9.09621,9.4937,8.48317,38
15251,9.75664,11.7967,1,38
15514,9.18292,9.98932,10.5862,38
21177,10.2533,9.5924,12.8389,38
21527,10.3491,11.0335,20.7126,38
27338,8.79565,10.0987,50,38
31179,10.6096,10.1862,22.4848,38
32142,8.929,9.71259,18.5687,38
32550,8.27686,10.9513,8.47778,38
34270,8.46756,9.78457,3.10946,38
35773,10.5746,10.1235,10.3559,38
36671,9.00862,11.1677,1,38
37228,10.7103,9.73571,45.1076,38
39649,8.68806,10.7581,27.4337,38
40793,8.57739,10.0204,21.5232,38
43531,10.0159,10.795,49.9281,38
48465,8.60225,9.76083,28.6299,38
49605,8.54808,10.4046,12.3613,38
49800,9.53821,11.3764,3.51448,38
51288,10.0261,11.6241,8.38888,38
55575,9.1711,11.1507,14.8346,38
59063,9.15399,9.57409,6.24166,38
61943,9.15609,9.22759,1.95805,38
63606,10.5095,9.57146,1,38
66184,10.0695,9.92888,1,38
66945,10.1686,10.2144,9.6396,38
68215,9.32222,10.5533,12.106,38
69690,8.97813,9.99518,27.5281,38
71084,8.57605,10.1148,39.3829,38
72348,9.6689,10.6568,37.2762,38
72771,10.0364,9.61358,49.576,38
73469,8.80197,9.58512,1.09499,38
74921,8.90245,10.3935,1,38
74925,10.8784,10.1454,5.46373,38
76058,9.23118,11.3578,1,38
76533,9.68751,9.29434,7.15123,38
76848,9.23151,11.6395,8.01688,38
78370,10.0757,10.3512,30.9491,38
83167,10.2473,11.2209,1.02664,38
84901,7.80338,10.7683,1,38
86259,8.04334,10.9019,1,38
86806,7.84043,10.5523,4.12123,38
88657,10.3476,11.4113,13.3861,38
90064,10.5298,10.3082,17.523,38
92817,10.4492,11.6322,3.07796,38
93323,10.0686,11.0444,1,38
98210,7.80753,10.6614,42.2174,38
98455,8.70008,9.97053,27.9898,38
98572,9.92244,11.9437,39.6815,38
99275,10.7537,11.2583,23.9075,38
2954,10.1246,14.4961,1,39
6298,12.2727,13.3818,1,39
6927,12.0084,12.9228,1,39
7018,10.1039,13.2573,19.3432,39
12583,9.35698,14.3507,25.5369,39
13121,10,13.1106,3.66209,39
13802,9.54303,13.9156,7.78354,39
15559,10.7601,12.0142,1,39
21102,11.7806,13.9121,17.5175,39
22044,10.6602,13.8022,1,39
24232,12.1702,12.8581,1,39
24492,11.1078,14.5009,2.08622,39
25340,11.8755,13.5811,1,39
27118,10.3984,12.7112,22.7629,39
27569,10.6332,13.9414,13.5518,39
28850,9.51921,14.2244,1,39
29299,11.0705,13.5572,1,39
31587,11.616,13.9372,44.5142,39
35971,11.3178,13.9575,1,39
36944,9.98993,13.0555,8.33951,39
37950,9.78149,12.3356,25.8199,39
38062,9.87925,14.615,42.4258,39
38116,12.4643,13.0262,20.3082,39
38963,11.0572,12.5248,1,39
43453,10.1732,13.9259,1,39
44750,10.6046,14.3161,12.0427,39
48836,9.5471,13.7843,1,39
51340,9.96636,13.6849,36.4274,39
55273,10.9465,13.6125,20.5163,39
57264,9.96709,12.8549,39.6584,39
60779,10.2667,13.7474,15.3631,39
64919,11.2513,12.2882,12.8249,39
69016,11.0258,12.0317,25.4404,39
70224,12.3951,13.0675,1,39
72139,11.0375,12.8179,1,39
72202,11.8187,12.8506,14.15,39
73119,9.82886,13.1165,24.8255,39
74248,10.5869,13.6233,4.3266,39
74286,11.5452,14.1271,23.5472,39
76226,10.7962,13.4549,15.9482,39
77190,10.116,14.3378,1,39
77467,9.97736,13.3528,13.5329,39
79645,11.66,13.686,18.0883,39
81721,10.0422,13.5687,50,39
83820,11.1389,13.8843,10.4798,39
86930,9.97159,14.0251,1,39
88778,10.1409,13.5171,33.9499,39
88896,10.5067,14.293,15.3647,39
89522,9.98647,14.4691,1.26484,39
89651,10.8048,13.5323,6.82086,39
92840,10.3236,14.1177,18.2866,39
94262,11.5929,12.3011,7.14245,39
95854,10.6871,12.1617,17.6069,39
96675,10.3567,13.5989,1,39
98553,9.44525,13.5741,1,39
99602,10.9601,13.6953,48.9197,39
1118,6.9284,16.3924,1,40
1209,7.73253,17.4657,19.8798,40
1952,6.5357,16.8737,1,40
2590,6.2432,16.1008,28.4729,40
3670,6.52935,16.6789,1,40
7458,6.71446,16.0743,20.147,40
8785,6.80065,16.0866,1.50902,40
10288,6.63515,17.7513,33.6679,40
10722,7.06457,16.8727,19.707,40
11094,5.72781,16.4865,1,40
11538,5.5506,16.4017,28.1233,40
12438,6.52427,16.5597,16.2849,40
14826,6.95873,16.0351,17.73,40
21800,5.98143,16.4784,27.1854,40
25922,5.46024,17.3454,1,40
26104,6.12833,16.2802,30.5314,40
34169,7.28814,16.9279,2.43486,40
35758,5.44074,16.3346,15.1702,40
35920,6.53403,17.1036,22.9734,40
42206,5.81136,17.1461,23.3799,40
42397,7.17085,16.096,25.7535,40
49992,6.63772,16.9293,17.6145,40
50200,5.55282,17.6806,1,40
51501,5.9467,16.5235,1,40
61686,6.95522,16.1574,6.8244,40
79370,5.3605,17.4996,1,40
81014,5.74958,17.5313,25.1364,40
83774,5.50329,16.837,16.0046,40
84841,5.23824,16.9279,4.94884,40
87441,5.33457,16.7636,21.0683,40
90225,6.38194,16.9407,1,40
91340,5.92824,16.7963,1.64098,40
94758,6.74129,16.666,19.2237,40
99198,6.37977,16.0393,8.18615,40
2460,6.52169,7.28362,36.6943,41
2756,6.13699,7.38321,1,41
2825,4.86834,6.29276,1,41
5495,6.36613,7.45395,1,41
7985,6.01983,7.07439,13.9388,41
8076,6.18631,7.21837,15.2346,41
11052,5.06702,5.71934,39.6661,41
14483,5.70433,6.69834,2.44372,41
16404,5.83411,5.18483,1,41
18121,5.22616,8.29717,15.2601,41
20039,5.68898,5.68659,23.6063,41
20983,5.16995,7.01762,9.55761,41
24733,5.94637,5.02148,1,41
27723,4.752,6.01837,1,41
29247,5.66625,5.16431,1,41
30143,5.16566,6.03724,50,41
32280,5.16191,8.16742,1,41
33688,6.57275,7.18873,23.7608,41
38816,5.57133,7.07386,1,41
44178,5.26678,6.86514,1,41
49414,4.58319,7.46639,1,41
49435,5.95892,5.37455,50,41
51520,5.57664,5.27827,6.59622,41
56662,5.25013,7.9132,46.8117,41
57399,5.37902,6.1673,1,41
59857,4.49168,7.28778,1,41
63858,4.8304,6.35505,1,41
66494,4.907,7.20221,19.3307,41
67312,5.2173,8.03051,8.8026,41
70181,6.34695,6.45049,50,41
71098,6.07587,7.1657,1,41
71353,5.58394,6.27106,13.996,41
71542,4.69677,6.43546,1,41
72392,4.68934,6.85152,15.2614,41
74956,5.87252,7.80308,17.073,41
77803,6.18556,5.84446,1,41
78996,4.78409,5.89252,8.4141,41
80159,4.72971,5.99628,1,41
82473,5.43002,8.02259,8.38698,41
88368,5.91933,6.42057,4.15756,41
89994,5.81926,5.34986,10.1758,41
94533,5.01745,5.7342,4.27236,41
98907,4.99174,7.00345,1,41
1977,4.00223,9.97607,1,42
5669,3.99119,10.5121,5.12926,42
14471,3.42004,10.1858,6.1744,42
16096,2.76685,10.3182,1,42
16454,3.05399,10.9983,6.58081,42
21777,3.94533,10.4692,1,42
22509,2.94337,10.8589,18.1161,42
23672,2.09572,10.7707,20.3867,42
24291,3.08243,10.5276,8.84394,42
25366,1.83141,10.2887,32.3015,42
26554,3.46111,8.6161,1,42
30842,2.11203,10.3334,15.4937,42
34730,2.91371,10.2937,1.49782,42
34811,1.34915,9.48519,1,42
38406,3.38536,11.168,1,42
39647,1.5423,10.8639,1,42
41046,2.28209,10.0552,1,42
41270,3.83433,10.802,12.7948,42
42214,2.00198,11.675,22.5817,42
42423,2.681,10.9907,11.0123,42
43624,1.38989,9.49681,10.257,42
51097,2.42093,10.5914,1,42
55600,2.54745,11.524,7.10575,42
55896,4.06157,10.5309,13.5633,42
56310,4.08562,10.1611,2.42769,42
58249,3.17717,10.0796,45.0375,42
59633,3.71946,10.3939,1,42
67676,1.36339,10.0994,4.04508,42
71569,2.29216,9.82832,1,42
71630,1.20543,9.52344,1,42
74394,2.40102,10.7004,1,42
75214,1.97027,11.583,1,42
76895,2.25304,11.1261,15.8745,42
79440,3.55953,10.544,1,42
81396,2.05777,10.1007,11.2799,42
82097,3.87522,9.73184,19.1328,42
82115,2.64149,11.2401,1,42
82356,2.12321,10.1452,29.3147,42
83281,3.2654,10.8478,25.1766,42
85047,3.609,11.0094,20.811,42
86312,2.57157,10.8265,13.3087,42
90195,4.09182,9.77259,27.031,42
90934,2.18831,10.5201,9.44211,42
92347,2.17889,11.755,7.56141,42
95483,3.77089,10.374,1,42
96457,2.23553,11.7737,1,42
97069,1.01065,9.70028,15.7089,42
98021,1.38924,9.86693,6.85291,42
4489,12.933,14.1957,25.3975,43
5021,12.6156,15.3155,1,43
5866,12.6103,15.2415,31.6596,43
7815,11.8745,15.4756,27.9051,43
8367,13.1658,14.7267,29.5126,43
9410,13.3462,13.1363,43.8656,43
11430,13.3738,14.0057,9.45228,43
13259,11.468,14.3294,11.1247,43
18369,11.5095,14.5578,1,43
18686,11.9422,15.4158,22.6283,43
19010,12.7149,15.1766,1,43
25907,12.376,15.0223,31.8654,43
27755,12.0483,15.4813,3.28063,43
33810,13.2978,13.6756,1,43
35173,12.4666,14.8186,1,43
35258,12.5804,15.6581,3.47089,43
35910,12.5838,15.3489,15.7115,43
41144,11.8667,15.0781,1,43
42061,12.9707,15.2122,1,43
45351,12.3096,13.7289,8.75869,43
45795,11.6441,15.4206,25.1,43
46158,11.9041,14.6514,1.48335,43
46796,12.0851,16.363,50,43
46824,12.2112,14.3364,1,43
47775,12.8489,15.8151,16.8035,43
49543,11.0129,15.2052,25.0897,43
51495,11.7012,14.8268,1,43
52035,12.8252,15.2153,1,43
52536,12.732,14.4989,1.69213,43
55473,12.4468,16.2993,3.08576,43
55503,11.4777,14.7685,13.0582,43
58286,12.6147,14.2133,1,43
60346,12.1005,13.7629,10.8596,43
61380,11.7308,16.0727,1,43
63496,12.8312,15.491,6.18062,43
64875,11.8576,15.0495,1,43
64948,12.6588,16.3599,4.55057,43
66157,11.8966,16.5138,23.1682,43
67365,12.8323,15.3354,10.2506,43
67646,13.0328,15.7997,2.17617,43
70934,11.6768,15.8568,1,43
72287,12.5894,14.6258,10.5233,43
73134,12.3245,14.4907,13.1986,43
74190,12.7648,13.1386,1,43
75107,11.1889,14.73,27.4266,43
76041,12.7857,14.3745,9.68358,43
78878,12.4934,13.8669,25.4116,43
80356,11.3332,14.783,9.38255,43
83563,12.0181,15.2275,12.8037,43
83700,12.861,16.4055,16.8574,43
83864,11.7121,14.6317,1.92584,43
88383,11.4035,14.6344,8.36201,43
93553,11.773,15.9678,14.476,43
97843,13.144,14.5413,1,43
98332,13.0887,15.5536,23.2177,43
99160,12.4514,15.034,1,43
693,5.43552,15.916,3.57371,44
5620,4.66418,16.1651,1,44
8060,5.64083,14.9728,1,44
8301,6.03575,15.7114,23.0942,44
11614,5.38688,14.244,12.7212,44
14953,4.82474,15.8274,1,44
17733,6.21506,15.4259,1,44
22749,4.81888,15.308,10.4682,44
24144,5.15117,15.794,20.5497,44
33884,6.02871,15.8695,28.5571,44
34757,4.84353,16.207,36.2668,44
36124,6.18924,14.2752,14.0112,44
39361,6.21584,14.7215,9.90825,44
39370,5.30231,14.7129,2.21872,44
41673,6.45805,15.7038,10.1317,44
42728,5.04326,15.6711,1.41236,44
45561,5.79736,15.2861,45.3413,44
47929,4.37081,16.5274,33.9127,44
55551,4.20241,15.5934,24.2618,44
56364,5.15727,15.2427,1,44
56692,4.82714,14.8455,1,44
59519,5.32903,15.2758,1,44
61913,5.51021,15.6302,1,44
62860,5.65925,15.8462,5.49537,44
67086,5.96819,15.3608,15.9728,44
68361,6.44113,15.2693,3.68865,44
73143,6.77343,15.0698,1,44
76958,6.19594,14.2998,1,44
78846,5.10168,16.353,1,44
79326,5.74762,14.5293,7.92449,44
84344,5.15457,14.8187,5.55112,44
85032,5.67579,15.9996,11.8669,44
86227,5.61169,14.3449,1,44
87552,5.37576,15.6138,4.19198,44
90806,5.03314,15.2489,8.04686,44
92466,6.61791,14.6677,11.0098,44
93836,6.07254,15.504,1,44
3733,9.51101,7.63676,3.05994,45
6579,9.55698,8.51864,1,45
8640,8.43963,7.11883,42.4878,45
11547,9.04393,7.6087,1,45
11894,8.53078,7.83777,1,45
13161,8.32404,7.74506,1,45
14523,9.71216,8.45863,18.2031,45
15806,9.91374,8.03933,1,45
25092,8.78918,6.88511,1,45
28513,9.03152,7.63806,10.4453,45
30492,7.95856,6.92891,1,45
31193,9.47035,6.217,1,45
33029,9.84281,7.87199,1,45
33348,8.81773,8.98401,13.9513,45
39472,9.1482,7.95309,43.527,45
40024,8.95872,6.91143,18.9977,45
40863,8.7035,8.08186,27.964,45
42379,8.61881,8.55483,1,45
43637,8.89328,7.37886,1,45
51140,9.71173,7.98546,14.9324,45
51902,8.15622,7.39718,9.22555,45
53188,8.35608,7.84247,7.80099,45
55132,9.44627,7.9306,1,45
58027,9.16349,6.48225,19.6448,45
62263,8.94627,8.53049,21.5058,45
63676,8.85707,8.2402,21.6445,45
66004,9.16919,7.369,1,45
68349,9.90533,6.84773,1,45
69689,7.93118,7.11379,22.4066,45
72956,8.94928,7.3193,5.73597,45
72978,9.36273,8.82342,1,45
74698,9.4726,8.16964,7.36269,45
76384,9.08105,6.75156,28.4628,45
77136,7.98967,6.9287,32.9366,45
80510,10.0045,7.43767,42.9137,45
81449,8.81668,7.14697,14.1149,45
82755,9.11257,6.48798,1,45
90009,9.05104,6.80665,21.8984,45
90361,8.59808,7.50728,26.5101,45
90639,8.63395,6.89156,1,45
91650,8.89561,6.55993,48.2667,45
93466,8.41107,7.1965,7.19638,45
98953,8.89127,7.65176,27.396,45
1826,10.0008,16.4002,1.16211,46
2487,11.5264,16.6707,32.2167,46
3764,10.9455,17.1035,2.8013,46
4083,10.2137,16.3509,31.4001,46
5986,9.59635,16.9498,1,46
9028,10.6776,15.1169,1,46
11956,10.392,17.3592,8.10992,46
16248,9.63525,17.4624,13.2885,46
18387,10.6278,16.2173,12.9722,46
19726,10.9364,16.3078,1,46
21815,10.3491,14.9825,15.9519,46
23167,10.0018,16.9309,13.63,46
23620,9.14952,16.8361,21.4135,46
29176,10.1214,17.4208,13.5045,46
34378,9.90159,16.1008,1,46
36081,10.473,16.1274,7.63357,46
36408,9.49504,16.6893,1,46
37090,9.35569,16.028,3.05672,46
37869,9.70273,15.8868,20.3633,46
39121,9.51438,16.4452,10.096,46
39526,11.5026,16.7347,1,46
43841,9.02523,16.8559,7.58067,46
49709,10.539,14.9818,1,46
51171,10.2485,16.4216,1,46
53823,9.40044,15.6913,15.392,46
55596,10.6447,16.3467,15.4606,46
55942,10.2177,15.5179,21.4902,46
56081,9.81918,16.5881,1,46
59694,9.52311,15.5036,1.62216,46
60680,11.0941,17.1291,1,46
63313,10.4623,16.0949,19.9539,46
74112,10.6951,15.224,15.0301,46
76494,8.96633,17.0538,7.07226,46
76699,10.1839,16.2953,1,46
78643,10.8076,17.1484,12.4903,46
83465,10.5705,15.2012,1,46
83532,11.4433,16.3389,8.7036,46
84200,10.7811,15.5756,5.50166,46
85693,11.2608,17.0331,12.1472,46
88505,10.5116,15.5547,28.5035,46
88518,9.12672,17.582,13.6446,46
89841,10.0884,17.4074,27.401,46
91937,9.13349,16.3921,16.3522,46
92998,10.4609,16.8769,13.0915,46
93226,11.2484,15.7574,1,46
93807,11.4154,17.0915,19.7748,46
94155,10.4155,17.4903,10.3286,46
95733,10.9877,15.2649,1,46
98150,10.0111,17.0887,8.41514,46
98517,9.64616,15.3705,1,46
8932,7.54302,8.83359,18.8204,47
13014,6.49673,8.33012,6.25237,47
13167,7.96964,8.31486,2.00783,47
14822,7.1822,8.83158,40.8139,47
15056,6.77575,7.85388,1,47
17001,8.38461,8.54921,25.5203,47
19763,8.04736,8.52947,2.44551,47
20098,7.12192,9.11195,1,47
27226,7.96374,8.23467,20.6623,47
28783,7.66562,8.59891,1,47
29388,7.07202,8.42993,1,47
31295,6.43257,8.63901,16.5529,47
33264,6.87648,7.6364,1,47
33667,7.54541,8.95048,5.75085,47
35528,6.57845,8.59799,1,47
35572,7.1167,8.62475,24.711,47
37267,7.98931,9.82159,31.3425,47
37569,7.74462,10.0105,1,47
38689,6.76945,8.62728,19.4582,47
41587,8.052,8.89566,10.9417,47
41886,7.67444,9.41168,1,47
45893,7.16187,8.55392,1,47
45993,6.37789,7.77432,26.47,47
46604,6.35493,8.03471,1,47
48405,7.0287,7.13171,9.05559,47
49437,7.06491,8.54923,1,47
51257,8.10861,8.57058,11.7576,47
53058,6.89978,7.57507,32.7747,47
54391,7.82962,9.65433,8.88698,47
55318,7.03925,7.65003,32.7195,47
56746,6.53536,8.99056,1,47
58432,6.45333,8.90447,26.0388,47
59328,8.14965,8.15431,3.23971,47
60120,6.7418,8.58689,45.2977,47
61426,7.79718,7.92656,9.63414,47
64222,7.36994,7.56059,17.5491,47
67998,7.79072,9.95319,1,47
68377,6.44232,8.45277,18.4186,47
74774,7.69425,8.5098,12.0088,47
80315,6.95048,9.27737,1,47
81009,7.29105,7.87716,24.1702,47
81709,6.42994,9.0925,42.5584,47
82041,8.36208,8.71399,14.8878,47
85759,7.33264,9.32688,18.7932,47
86882,7.0472,8.20456,18.1195,47
87604,7.81576,9.06298,1.03294,47
88945,7.83685,8.61141,36.5719,47
90980,7.58203,7.56638,25.6764,47
923,8.11581,5.01083,1,48
4340,7.46779,5.4517,1,48
7220,7.20897,5.2241,1,48
7538,6.82747,4.7872,14.0759,48
7885,8.5488,6.04347,17.6442,48
8124,6.45188,5.81505,9.74889,48
9283,7.19183,5.45742,1.09092,48
9338,6.07522,4.86467,1,48
10773,7.07526,5.53397,1,48
11908,6.55899,5.67791,29.2865,48
12030,8.30348,6.34165,14.5425,48
20308,6.49375,5.1151,36.224,48
26066,6.50522,4.61411,5.2729,48
26988,7.54824,5.22483,1,48
31318,8.09806,5.35596,8.51226,48
31971,7.30056,6.0985,1,48
33733,7.69584,6.03179,1,48
36001,7.11832,6.51294,1,48
36813,8.34232,5.19082,8.12963,48
36836,8.71084,5.65593,1,48
37164,8.35132,6.05708,31.2346,48
38091,8.51322,5.23456,42.3711,48
39059,8.34333,5.99762,2.98903,48
51348,6.07331,4.93715,1,48
51743,9.17069,5.42811,29.0834,48
52168,7.39735,5.99619,11.3586,48
53554,8.10957,4.95392,2.87452,48
53628,6.97843,6.14879,1,48
54478,7.32757,6.22128,25.7652,48
55650,7.33429,6.81766,4.92659,48
59242,7.27347,6.65288,6.89852,48
59727,9.00199,5.32297,11.4516,48
60228,7.04003,5.60147,1,48
63724,8.30046,6.06914,1,48
65067,6.57367,5.66175,16.2984,48
69694,7.69675,6.77242,8.99962,48
71364,7.98976,5.78643,29.3941,48
73376,7.33221,6.38422,1,48
75495,8.05691,6.09821,6.53747,48
81748,8.15414,6.3484,1,48
86335,6.78087,5.64245,13.1112,48
90496,7.53845,5.50653,20.2865,48
91651,8.79722,6.02968,19.0951,48
93279,6.39698,4.56134,1,48
95488,6.7657,4.67727,33.2011,48
96824,7.95798,5.86765,1,48
96975,8.17726,5.55723,1,48
6744,4.6928,14.1896,48.3147,49
8695,3.78689,13.831,1,49
9347,4.64303,14.8585,1,49
12417,3.34994,14.1097,1,49
21868,4.12475,14.1619,1,49
22904,3.75519,14.6054,11.4574,49
25420,3.41053,13.4636,1.09106,49
33215,4.18336,14.552,26.8035,49
34795,4.10182,13.3928,1,49
37943,4.29286,13.1368,16.2498,49
38895,4.91187,13.5312,46.1462,49
39248,4.36947,14.2808,10.5428,49
39751,4.87301,13.8193,1,49
44981,4.38479,15.073,1,49
50859,5.27475,14.1124,18.5101,49
52612,4.76056,14.3759,15.7373,49
53959,4.87083,14.1355,12.0878,49
55607,3.81543,14.6376,33.5948,49
56153,4.273,14.6233,12.1748,49
56737,3.51836,14.6333,19.2198,49
60551,3.39181,14.3216,23.042,49
71884,3.68223,14.7359,1,49
74018,3.91542,13.5969,15.6469,49
76180,3.8317,15.0395,1,49
84918,3.28185,14.3307,23.9948,49
90094,3.82195,13.6719,26.5963,49
92903,3.74343,13.3666,8.34784,49
93090,3.53761,14.6809,4.03737,49
97776,4.75114,13.7326,32.9795,49
3564,4.44259,10.7457,12.1512,50
5578,5.63126,9.26033,1,50
6210,4.84937,9.32529,15.1894,50
8643,4.32219,10.5298,26.4613,50
10250,6.41564,10.4041,21.1475,50
11216,5.84464,9.65401,6.29851,50
12530,6.3443,10.6446,50,50
12913,5.4238,9.17061,1,50
12918,5.30793,9.52171,47.3367,50
13226,7.06482,10.1483,50,50
15534,5.83619,10.092,33.9787,50
15742,4.36545,10.4339,1,50
17284,5.9132,10.9852,22.2893,50
20292,4.9877,10.1778,1,50
20592,5.79349,11.1397,50,50
22566,6.58711,9.99436,1,50
24033,4.70917,10.9059,17.8465,50
26267,5.72343,9.05897,1,50
26352,5.11419,9.45807,18.4375,50
27574,6.16648,9.75482,3.05287,50
28361,5.0728,8.81956,1,50
28691,4.5042,9.13308,1,50
29316,4.5549,9.18283,1,50
31475,5.60768,9.35117,35.7911,50
31840,5.0947,10.5297,6.63297,50
32729,5.39413,10.0101,5.04199,50
32912,5.24902,9.57962,1,50
35203,6.16835,10.9979,23.5937,50
38273,6.10218,9.8665,1,50
40488,5.12229,8.44163,30.8006,50
40883,4.97322,9.22945,27.347,50
41465,5.18512,9.91718,37.2392,50
41957,6.0807,9.78287,1,50
47221,6.9226,10.4607,2.18369,50
49827,6.25275,11.0036,20.2947,50
50032,7.06986,10.9913,37.849,50
50794,7.17809,10.3105,19.8289,50
57309,5.96889,9.01613,5.61178,50
57859,5.01602,9.45989,4.87793,50
59486,7.38081,10.4468,22.8103,50
62946,5.37083,9.8747,7.14807,50
63755,5.15779,11.0291,50,50
64381,6.03306,9.60288,1,50
65906,7.04603,11.1109,24.8148,50
66203,4.6704,10.6343,36.2367,50
66294,6.42059,11.1003,20.8078,50
67026,5.85228,10.2268,30.7503,50
67090,5.20938,11.2493,29.9345,50
68725,6.97278,10.1061,22.1552,50
69957,5.65557,9.7039,1,50
70534,4.74714,8.72836,1,50
71251,6.20326,9.14148,43.1895,50
72245,6.88193,9.80987,1,50
72430,5.27187,11.2996,1,50
75173,5.72672,9.13091,1,50
76025,6.47109,10.7887,39.5532,50
80050,5.71355,11.4342,30.917,50
82277,5.31806,9.00239,1,50
82740,4.84947,9.00206,20.1637,50
83076,7.17562,11.1154,1.27837,50
83245,6.00577,10.3814,50,50
84988,5.30024,8.7594,3.41018,50
90189,6.3738,10.1709,1,50
90597,5.47317,8.98334,24.1959,50
91145,5.45048,11.0317,19.7251,50
92339,5.80101,10.4144,1,50
94875,6.89294,11.016,50,50
95498,5.20189,9.76108,9.59349,50
96995,4.91633,9.98968,1,50
98460,6.70098,10.8656,11.6962,50
4787,11.2245,7.50976,18.294,51
4922,12.0982,7.34501,38.4484,51
5275,11.5402,9.02372,12.9546,51
9236,11.0637,8.72264,28.483,51
10215,10.9824,7.38234,1,51
13367,11.3854,8.63329,1,51
19710,11.5815,6.8182,39.1728,51
20512,12.1759,7.11877,20.1355,51
21876,11.5061,7.39926,16.8404,51
22049,10.7064,6.30392,4.23927,51
25048,10.1153,6.98078,23.7775,51
25838,11.0841,7.1654,14.4508,51
26415,10.2934,7.86938,10.6277,51
28597,10.4871,6.80041,1,51
31444,11.192,8.78073,19.2792,51
32660,11.4726,7.06043,28.8656,51
35010,10.4964,8.44576,25.0317,51
38390,10.8545,8.72208,10.673,51
44046,11.0912,6.66062,26.5374,51
45075,12.312,6.89185,11.2738,51
46364,10.9444,6.63532,1,51
47813,12.166,7.39504,16.2174,51
48924,11.9868,7.94742,1.56662,51
50228,10.2422,8.33172,39.0887,51
53081,10.4484,7.66772,18.1414,51
53159,11.4285,8.3828,13.2381,51
55183,11.3578,6.38271,1,51
55439,10.3977,8.67831,12.5663,51
56546,10.0585,8.54754,1,51
59085,10.1296,8.9783,10.3238,51
60138,10.6298,7.94839,1,51
64802,10.7926,9.03535,31.6462,51
64988,10.2488,6.6386,1,51
66574,11.1002,8.06808,1,51
71143,10.0938,8.67803,27.7368,51
72555,10.6988,7.91663,12.7603,51
78527,10.9826,8.04735,24.5292,51
86576,11.5884,9.19398,1,51
86712,10.8099,8.28823,1,51
87115,11.5119,7.82897,5.08154,51
90677,10.2697,8.91487,1.46769,51
92087,11.4382,7.4039,14.77,51
93241,11.4544,7.76683,1.2526,51
94009,12.0174,6.56686,1,51
94929,10.7527,6.26841,1,51
95410,11.2929,6.64164,50,51
95770,11.413,8.7161,1,51
98352,11.7118,7.92718,4.8307,51
99532,10.4806,7.60161,17.5294,51
407,5.99115,13.2557,16.0965,52
7695,7.04069,14.1035,1,52
9976,6.03477,14.0801,29.2058,52
14423,6.05665,13.5947,1,52
15719,7.24976,11.504,6.1392,52
16712,7.02101,12.0718,1,52
19610,6.18554,11.5463,1,52
21825,6.94061,11.5427,4.89605,52
24416,6.10753,12.003,37.3875,52
24494,5.61222,12.8648,6.35283,52
25344,7.23364,12.5674,24.9813,52
29217,6.34617,12.6236,14.557,52
30215,5.78271,13.4048,1,52
31471,5.52416,13.0862,1,52
35782,6.26341,12.9753,29.2885,52
36549,5.83815,11.9655,1,52
40539,6.92976,12.7093,33.7703,52
42280,5.4626,13.6901,1,52
42454,5.41768,13.5132,1,52
44886,5.70745,12.4045,17.6022,52
46747,7.11033,12.2175,31.9644,52
50112,6.09684,12.7351,1,52
52342,5.73382,13.4697,14.4772,52
52811,5.68915,12.5487,1,52
55836,6.90029,13.4151,11.7578,52
58981,5.38393,12.5301,1,52
59287,6.6448,13.8531,3.05828,52
60598,5.67045,13.202,7.74438,52
62957,7.12511,13.8201,11.7287,52
63425,5.29012,11.9617,1,52
76672,6.05782,13.2722,1.5201,52
78464,7.24131,13.4586,11.7038,52
80157,5.83963,12.5813,12.8178,52
82620,6.15248,13.216,1,52
85864,6.92883,12.6623,25.424,52
86262,6.86071,11.8275,1,52
88513,6.07944,11.7941,32.8349,52
91549,6.63319,13.6621,14.4952,52
93173,6.66073,14.256,5.21423,52
93902,6.80804,11.9782,1,52
651,10.893,11.2964,1,53
3416,13.1477,10.8351,24.9304,53
4002,11.4652,11.1675,36.4073,53
5303,13.37,10.723,1,53
5322,13.604,10.7614,12.5253,53
6586,12.8757,9.87426,1,53
7635,11.0979,11.0413,1,53
8429,12.9666,10.583,17.8985,53
8563,12.6348,11.2964,1,53
14752,13.4926,10.1604,1.25036,53
18009,11.3812,10.9438,2.07305,53
21640,11.9038,10.9432,23.8354,53
21669,12.4059,9.73408,17.3452,53
23086,12.7616,11.9358,15.9302,53
24279,12.8172,11.5078,23.9392,53
25888,12.8274,11.1592,25.4913,53
26714,12.3977,11.2749,1,53
29795,12.0277,9.96871,28.547,53
29881,11.6794,10.64,9.01477,53
31283,13.7144,9.89191,1,53
34139,12.8358,11.7018,1,53
34193,11.9609,10.0589,1,53
35269,13.037,12.2402,1,53
38258,12.6348,9.8918,1,53
43016,12.8719,12.5408,1,53
47900,11.7205,9.91093,1,53
53417,12.3749,11.7673,14.5127,53
55066,11.6318,10.1324,1,53
57754,13.6237,10.1077,1,53
60291,11.6909,10.413,21.2298,53
61059,12.4968,10.4616,1,53
61452,13.186,10.5502,1,53
61938,13.1772,10.3291,19.0572,53
62078,12.0673,10.7178,1,53
63063,13.2671,12.3606,1,53
63520,12.6885,11.6347,42.6783,53
63672,13.46,12.5338,1,53
65511,13.0502,12.5079,34.7219,53
66306,11.5476,11.9655,29.5642,53
70214,12.5105,9.91671,1,53
72458,12.6058,11.3794,1,53
77487,12.2332,10.6444,1,53
78874,11.442,11.7396,1,53
79023,12.6685,10.9739,25.3901,53
79707,12.889,12.8766,5.55698,53
80927,13.2954,10.3533,9.39924,53
80972,11.0568,10.5688,15.406,53
83062,12.6416,11.3028,1,53
84658,13.7462,11.0931,50,53
88430,12.9985,9.79828,1,53
91116,12.4382,9.86924,24.8617,53
93040,12.8821,11.9278,1,53
971,4.79203,11.6831,17.9996,54
2114,3.92637,11.7036,21.6655,54
2379,5.21256,11.6595,27.5342,54
2771,2.66485,12.1197,1,54
2951,2.68679,12.9885,23.1891,54
6897,4.33756,12.2283,1,54
13075,4.11718,13.049,19.5781,54
15195,3.82712,11.3037,38.7917,54
27427,3.60871,12.6842,24.4594,54
29958,3.08381,12.5394,15.7337,54
32443,3.27378,12.4954,1,54
33945,4.18327,12.3023,1,54
34031,4.60277,12.8451,30.6259,54
38717,4.55472,12.2593,18.575,54
41756,3.61416,11.3089,34.5971,54
41872,3.23371,12.4023,3.1915,54
42893,3.12847,11.8066,1,54
44098,3.3883,12.6392,22.7854,54
46936,4.81464,11.9184,39.6428,54
51391,4.13041,12.9914,1,54
52581,4.79951,11.6295,11.1985,54
52927,4.83338,12.8286,1,54
53661,3.42727,11.378,3.61799,54
54173,2.97955,13.1152,1,54
54480,3.13655,13.2047,1,54
56214,3.22508,11.7939,15.191,54
57138,4.49191,11.1882,13.1186,54
60014,4.30698,10.9308,12.7171,54
61884,4.64708,11.9134,14.5102,54
62053,4.46204,12.6914,1,54
63772,2.95742,12.7304,1,54
70352,5.00647,11.3215,39.8846,54
71980,4.56765,11.5765,1,54
76228,2.77973,12.5913,13.6083,54
76642,3.72451,11.7568,12.5373,54
78188,3.74906,12.5014,1,54
82861,3.40369,11.656,44.4642,54
83892,4.00574,12.0263,1,54
84668,2.88594,12.1423,12.415,54
89290,2.84458,12.8114,5.20381,54
90475,3.74831,11.3689,34.9891,54
90771,4.26705,11.572,1,54
91965,2.9674,11.9889,21.2268,54
95614,2.9124,12.1905,7.73527,54
96187,3.96963,11.6957,43.8974,54
97492,3.64379,11.0541,39.4668,54
1829,9.32557,14.6272,1,55
2750,7.02113,14.9403,1,55
3968,9.02561,14.4454,25.5221,55
4765,8.30917,17.3688,1,55
13710,8.3209,14.5776,1,55
15878,7.73589,15.1597,8.22086,55
17027,8.6552,15.1653,31.5522,55
17053,7.42487,15.1494,3.53034,55
20210,7.75252,16.4018,28.5979,55
21257,7.37841,14.7134,1,55
21717,9.2586,15.7091,1,55
21985,8.81993,15.6455,14.9441,55
23908,7.66727,16.7341,47.6563,55
30780,8.08595,15.7006,1,55
38974,8.56025,15.4206,6.40674,55
41782,8.5178,16.6965,21.6685,55
45785,8.09596,15.6426,27.1691,55
51079,9.05812,15.0821,48.2909,55
52791,8.0653,16.6612,22.5909,55
53651,8.11813,14.394,1,55
56283,9.10176,14.727,1,55
56969,7.60917,15.1556,43.8842,55
62838,8.79152,15.9735,5.4502,55
64946,8.05161,17.2878,22.4171,55
65697,8.24454,17.2727,1,55
69453,8.35005,15.2709,13.4736,55
72086,8.38067,16.0462,1,55
72284,7.4572,16.2155,1,55
73085,7.90275,14.8963,1,55
76515,9.45128,15.3382,16.0498,55
78601,8.05124,17.3618,1,55
80802,8.07368,15.2991,19.6054,55
81857,8.27578,15.6926,1,55
84083,8.16911,16.0849,11.6935,55
86469,8.09129,14.7422,50,55
87641,8.4989,15.0826,1,55
87877,7.30666,15.5631,1,55
87948,7.47555,14.2207,4.09146,55
88292,7.40487,14.3822,1,55
90721,9.26177,15.4259,37.0839,55
92003,7.31095,16.0889,24.179,55
93576,8.22461,17.1383,14.5101,55
94339,8.35864,14.7579,25.3119,55
95102,7.0243,15.4576,1,55
96184,9.07721,15.0235,33.8985,55
691,9.38478,12.6653,1,56
1077,7.67905,13.3315,35.5391,56
2465,8.08242,13.979,1,56
3474,9.43178,12.124,1,56
4063,7.85781,13.6129,1,56
4497,9.20588,12.8064,20.3425,56
4643,8.56282,11.6996,20.6589,56
5132,7.73654,13.2202,1.00632,56
6320,8.84736,13.5939,22.1755,56
10454,8.87258,12.1798,33.1314,56
11649,9.15607,12.992,20.1044,56
11674,7.9902,12.6502,35.956,56
13102,8.78484,14.0135,1,56
13520,9.03914,13.2472,1,56
14494,8.83729,13.5789,1,56
14997,7.59977,12.6263,1,56
15797,8.81472,12.2211,1,56
16161,8.0364,11.9501,2.40997,56
16313,9.244,11.9689,2.39355,56
16433,7.32926,11.6309,9.13515,56
17815,8.24686,12.1597,16.4333,56
20408,9.14397,12.0747,1,56
20742,8.33699,12.9006,35.341,56
23499,7.50194,11.8189,1,56
25166,8.24554,13.1414,19.2833,56
25485,7.84763,12.3178,8.11299,56
25578,7.59962,12.0896,37.7361,56
26793,9.40549,12.5845,27.2893,56
28265,7.7941,13.7805,46.0742,56
28601,8.19713,14.0669,1,56
33328,8.16716,13.6722,1,56
33887,7.468,12.8514,7.15278,56
38328,8.8716,12.2919,1,56
38680,7.81083,12.5725,1,56
39344,7.31639,13.7066,3.75411,56
39961,8.21153,12.3332,37.2786,56
42513,8.42505,12.4348,33.2167,56
47768,7.99512,12.7008,9.62953,56
48588,7.96159,13.9925,14.8943,56
50187,8.63055,13.7375,16.9124,56
52567,7.94291,13.7233,11.5093,56
55769,9.48566,12.1342,12.6682,56
57595,8.74266,12.262,15.028,56
58644,8.44034,12.1315,12.849,56
66798,8.33236,13.1256,20.1416,56
66941,7.53513,12.9044,9.60274,56
72630,7.8211,12.2486,1,56
72798,7.57459,13.2631,28.1894,56
76572,9.25162,13.055,1,56
77072,7.77137,14.0279,37.3502,56
77877,8.16769,11.949,1,56
77916,7.38691,13.534,7.4865,56
79914,7.63166,11.9534,21.6842,56
84290,7.47276,12.4712,22.0365,56
84963,8.5538,13.7967,19.7724,56
98148,8.12306,13.8414,34.3474,56
1537,12.7443,8.19524,1,57
2580,12.6838,8.8273,17.4359,57
7265,12.551,9.26212,9.24514,57
9437,12.9241,7.9689,25.4402,57
9695,13.6828,9.33661,3.08624,57
14720,12.3226,7.66304,40.3062,57
15122,13.4356,8.96483,1,57
15781,13.4923,7.78957,8.66745,57
16396,13.5947,8.0999,1.19848,57
16969,13.5643,9.5549,1,57
18716,12.4896,9.48544,46.1088,57
24397,12.2076,7.67741,1,57
27555,12.4859,9.39825,11.7742,57
28846,12.8252,9.54351,26.8708,57
30945,12.6786,7.22571,12.1188,57
33701,14.0498,7.97598,40.1708,57
34293,12.2642,7.74226,12.3832,57
40604,14.5901,7.68855,1,57
42882,12.6986,8.86886,39.6816,57
43486,13.2229,8.16115,34.228,57
45314,13.8295,7.45142,49.9756,57
46074,13.3416,8.31801,22.3614,57
46354,12.9679,8.04457,14.0933,57
46812,12.9437,7.51984,1,57
48100,12.4582,8.66574,4.63472,57
48441,12.8792,7.95476,2.09869,57
48874,12.2445,9.16199,19.8771,57
49855,14.0034,7.48466,10.4277,57
52993,12.797,8.28365,50,57
54145,14.3571,7.58848,12.3195,57
55067,12.8597,7.25886,10.9077,57
63065,12.7109,6.91974,18.1353,57
63596,12.8809,8.16032,39.4668,57
63912,12.4723,8.05627,1,57
65211,13.1361,9.58859,39.0095,57
69401,14.1523,7.87664,13.6238,57
70417,12.3335,9.01265,35.7462,57
70433,12.3945,8.81821,1,57
73444,12.9585,7.48112,1,57
77285,12.2128,7.89855,28.4235,57
78852,13.8903,7.81477,8.94931,57
83609,13.7041,9.69156,33.3721,57
89433,12.1687,8.84529,1,57
95583,12.452,7.70833,1,57
